Workbook

Sheet QALS - Inspection Lot Record
A1: InspectionLot | B1: Plant | C1: InspType | D1: ObjectNumber | E1: LotCreated | F1: LotCreationTime | G1: CreatedBy | H1: StartDate | I1: StartTime | J1: EndDate | K1: EndTime | L1: TasklistType | M1: ProcessOrder | N1: Product | O1: ProductDescription | P1: Batch
A2: 40000002501 | B2: 1010 | C2: 4 | D2: QL040000003101 | E2: =E3 -> 45870 | F2: =TIME(RANDBETWEEN(12,22), RANDBETWEEN(0,59), RANDBETWEEN(0,59)) -> 0.69314815 | G2: TP397880 | H2: =E2 -> 45870 | I2: =F2 -> 0.69314815 | J2: =E2 -> 45870 | K2: =I2+TIME(1,RANDBETWEEN(25,50),RANDBETWEEN(0,59)) -> 0.76893519 | L2: Q | M2: 1004511 | N2: FG0001SEG | O2: {=_xlfn.IFS(N2="FG2020US1", "Ibuprofen Tablets (100 MG)", N2="FG0001SEG", "Metformin Tablets (100 MG)", N2="FG0002SEG", "Metformin Tablets (200 MG)", N2="FG0003SEG", "Metformin Tablets (500 MG)", N2="FG00UDI4", "Aspirin Tablets (500 MG)")} -> Metformin Tablets (100 MG) | P2: 4001
A3: 40000002502 | B3: 1010 | C3: 4 | D3: QL040000003102 | E3: =E4-1 -> 45870 | F3: =TIME(RANDBETWEEN(0,10), RANDBETWEEN(0,59), RANDBETWEEN(0,59)) -> 0.098055556 | G3: YA284176 | H3: =E3 -> 45870 | I3: =F3 -> 0.098055556 | J3: =E3 -> 45870 | K3: =I3+TIME(1,RANDBETWEEN(25,50),RANDBETWEEN(0,59)) -> 0.15883102 | L3: Q | M3: 1004512 | N3: FG2020US1 | O3: {=_xlfn.IFS(N3="FG2020US1", "Ibuprofen Tablets (100 MG)", N3="FG0001SEG", "Metformin Tablets (100 MG)", N3="FG0002SEG", "Metformin Tablets (200 MG)", N3="FG0003SEG", "Metformin Tablets (500 MG)", N3="FG00UDI4", "Aspirin Tablets (500 MG)")} -> Ibuprofen Tablets (100 MG) | P3: 4002
A4: 40000002503 | B4: 1010 | C4: 4 | D4: QL040000003103 | E4: =E5 -> 45871 | F4: =TIME(RANDBETWEEN(12,22), RANDBETWEEN(0,59), RANDBETWEEN(0,59)) -> 0.90376157 | G4: ZK384180 | H4: =E4 -> 45871 | I4: =F4 -> 0.90376157 | J4: =E4 -> 45871 | K4: =I4+TIME(1,RANDBETWEEN(25,50),RANDBETWEEN(0,59)) -> 0.97219907 | L4: Q | M4: 1004513 | N4: FG0001SEG | O4: {=_xlfn.IFS(N4="FG2020US1", "Ibuprofen Tablets (100 MG)", N4="FG0001SEG", "Metformin Tablets (100 MG)", N4="FG0002SEG", "Metformin Tablets (200 MG)", N4="FG0003SEG", "Metformin Tablets (500 MG)", N4="FG00UDI4", "Aspirin Tablets (500 MG)")} -> Metformin Tablets (100 MG) | P4: 4003
A5: 40000002504 | B5: 1010 | C5: 4 | D5: QL040000003104 | E5: =E6-1 -> 45871 | F5: =TIME(RANDBETWEEN(0,10), RANDBETWEEN(0,59), RANDBETWEEN(0,59)) -> 0.098969907 | G5: YA284176 | H5: =E5 -> 45871 | I5: =F5 -> 0.098969907 | J5: =E5 -> 45871 | K5: =I5+TIME(1,RANDBETWEEN(25,50),RANDBETWEEN(0,59)) -> 0.16030093 | L5: Q | M5: 1004514 | N5: FG0001SEG | O5: {=_xlfn.IFS(N5="FG2020US1", "Ibuprofen Tablets (100 MG)", N5="FG0001SEG", "Metformin Tablets (100 MG)", N5="FG0002SEG", "Metformin Tablets (200 MG)", N5="FG0003SEG", "Metformin Tablets (500 MG)", N5="FG00UDI4", "Aspirin Tablets (500 MG)")} -> Metformin Tablets (100 MG) | P5: 4004
A6: 40000002505 | B6: 1010 | C6: 4 | D6: QL040000003105 | E6: =E7 -> 45872 | F6: =TIME(RANDBETWEEN(12,22), RANDBETWEEN(0,59), RANDBETWEEN(0,59)) -> 0.54824074 | G6: TP397880 | H6: =E6 -> 45872 | I6: =F6 -> 0.54824074 | J6: =E6 -> 45872 | K6: =I6+TIME(1,RANDBETWEEN(25,50),RANDBETWEEN(0,59)) -> 0.61037037 | L6: Q | M6: 1004515 | N6: FG0003SEG | O6: {=_xlfn.IFS(N6="FG2020US1", "Ibuprofen Tablets (100 MG)", N6="FG0001SEG", "Metformin Tablets (100 MG)", N6="FG0002SEG", "Metformin Tablets (200 MG)", N6="FG0003SEG", "Metformin Tablets (500 MG)", N6="FG00UDI4", "Aspirin Tablets (500 MG)")} -> Metformin Tablets (500 MG) | P6: 4005
A7: 40000002506 | B7: 1010 | C7: 4 | D7: QL040000003106 | E7: =E8-1 -> 45872 | F7: =TIME(RANDBETWEEN(0,10), RANDBETWEEN(0,59), RANDBETWEEN(0,59)) -> 0.14915509 | G7: YA284176 | H7: =E7 -> 45872 | I7: =F7 -> 0.14915509 | J7: =E7 -> 45872 | K7: =I7+TIME(1,RANDBETWEEN(25,50),RANDBETWEEN(0,59)) -> 0.22229167 | L7: Q | M7: 1004516 | N7: FG0003SEG | O7: {=_xlfn.IFS(N7="FG2020US1", "Ibuprofen Tablets (100 MG)", N7="FG0001SEG", "Metformin Tablets (100 MG)", N7="FG0002SEG", "Metformin Tablets (200 MG)", N7="FG0003SEG", "Metformin Tablets (500 MG)", N7="FG00UDI4", "Aspirin Tablets (500 MG)")} -> Metformin Tablets (500 MG) | P7: 4006
A8: 40000002507 | B8: 1010 | C8: 4 | D8: QL040000003107 | E8: =E9 -> 45873 | F8: =TIME(RANDBETWEEN(12,22), RANDBETWEEN(0,59), RANDBETWEEN(0,59)) -> 0.75422454 | G8: AB406550 | H8: =E8 -> 45873 | I8: =F8 -> 0.75422454 | J8: =E8 -> 45873 | K8: =I8+TIME(1,RANDBETWEEN(25,50),RANDBETWEEN(0,59)) -> 0.81810185 | L8: Q | M8: 1004517 | N8: FG00UDI4 | O8: {=_xlfn.IFS(N8="FG2020US1", "Ibuprofen Tablets (100 MG)", N8="FG0001SEG", "Metformin Tablets (100 MG)", N8="FG0002SEG", "Metformin Tablets (200 MG)", N8="FG0003SEG", "Metformin Tablets (500 MG)", N8="FG00UDI4", "Aspirin Tablets (500 MG)")} -> Aspirin Tablets (500 MG) | P8: 4007
A9: 40000002508 | B9: 1010 | C9: 4 | D9: QL040000003108 | E9: =E10-1 -> 45873 | F9: =TIME(RANDBETWEEN(0,10), RANDBETWEEN(0,59), RANDBETWEEN(0,59)) -> 0.042106481 | G9: YA284176 | H9: =E9 -> 45873 | I9: =F9 -> 0.042106481 | J9: =E9 -> 45873 | K9: =I9+TIME(1,RANDBETWEEN(25,50),RANDBETWEEN(0,59)) -> 0.11483796 | L9: Q | M9: 1004518 | N9: FG0003SEG | O9: {=_xlfn.IFS(N9="FG2020US1", "Ibuprofen Tablets (100 MG)", N9="FG0001SEG", "Metformin Tablets (100 MG)", N9="FG0002SEG", "Metformin Tablets (200 MG)", N9="FG0003SEG", "Metformin Tablets (500 MG)", N9="FG00UDI4", "Aspirin Tablets (500 MG)")} -> Metformin Tablets (500 MG) | P9: 4008
A10: 40000002509 | B10: 1010 | C10: 4 | D10: QL040000003109 | E10: =E11 -> 45874 | F10: =TIME(RANDBETWEEN(12,22), RANDBETWEEN(0,59), RANDBETWEEN(0,59)) -> 0.52502315 | G10: ZK384180 | H10: =E10 -> 45874 | I10: =F10 -> 0.52502315 | J10: =E10 -> 45874 | K10: =I10+TIME(1,RANDBETWEEN(25,50),RANDBETWEEN(0,59)) -> 0.58457176 | L10: Q | M10: 1004519 | N10: FG0002SEG | O10: {=_xlfn.IFS(N10="FG2020US1", "Ibuprofen Tablets (100 MG)", N10="FG0001SEG", "Metformin Tablets (100 MG)", N10="FG0002SEG", "Metformin Tablets (200 MG)", N10="FG0003SEG", "Metformin Tablets (500 MG)", N10="FG00UDI4", "Aspirin Tablets (500 MG)")} -> Metformin Tablets (200 MG) | P10: 4009
A11: 40000002510 | B11: 1010 | C11: 4 | D11: QL040000003110 | E11: =E12-1 -> 45874 | F11: =TIME(RANDBETWEEN(0,10), RANDBETWEEN(0,59), RANDBETWEEN(0,59)) -> 0.21421296 | G11: GC197258 | H11: =E11 -> 45874 | I11: =F11 -> 0.21421296 | J11: =E11 -> 45874 | K11: =I11+TIME(1,RANDBETWEEN(25,50),RANDBETWEEN(0,59)) -> 0.28644676 | L11: Q | M11: 1004520 | N11: FG0001SEG | O11: {=_xlfn.IFS(N11="FG2020US1", "Ibuprofen Tablets (100 MG)", N11="FG0001SEG", "Metformin Tablets (100 MG)", N11="FG0002SEG", "Metformin Tablets (200 MG)", N11="FG0003SEG", "Metformin Tablets (500 MG)", N11="FG00UDI4", "Aspirin Tablets (500 MG)")} -> Metformin Tablets (100 MG) | P11: 4010
A12: 40000002511 | B12: 1010 | C12: 4 | D12: QL040000003111 | E12: =E13 -> 45875 | F12: =TIME(RANDBETWEEN(12,22), RANDBETWEEN(0,59), RANDBETWEEN(0,59)) -> 0.83722222 | G12: TP397880 | H12: =E12 -> 45875 | I12: =F12 -> 0.83722222 | J12: =E12 -> 45875 | K12: =I12+TIME(1,RANDBETWEEN(25,50),RANDBETWEEN(0,59)) -> 0.89800926 | L12: Q | M12: 1004521 | N12: FG2020US1 | O12: {=_xlfn.IFS(N12="FG2020US1", "Ibuprofen Tablets (100 MG)", N12="FG0001SEG", "Metformin Tablets (100 MG)", N12="FG0002SEG", "Metformin Tablets (200 MG)", N12="FG0003SEG", "Metformin Tablets (500 MG)", N12="FG00UDI4", "Aspirin Tablets (500 MG)")} -> Ibuprofen Tablets (100 MG) | P12: 4011
A13: 40000002512 | B13: 1010 | C13: 4 | D13: QL040000003112 | E13: =E14-1 -> 45875 | F13: =TIME(RANDBETWEEN(0,10), RANDBETWEEN(0,59), RANDBETWEEN(0,59)) -> 0.105625 | G13: TG509538 | H13: =E13 -> 45875 | I13: =F13 -> 0.105625 | J13: =E13 -> 45875 | K13: =I13+TIME(1,RANDBETWEEN(25,50),RANDBETWEEN(0,59)) -> 0.17284722 | L13: Q | M13: 1004522 | N13: FG0001SEG | O13: {=_xlfn.IFS(N13="FG2020US1", "Ibuprofen Tablets (100 MG)", N13="FG0001SEG", "Metformin Tablets (100 MG)", N13="FG0002SEG", "Metformin Tablets (200 MG)", N13="FG0003SEG", "Metformin Tablets (500 MG)", N13="FG00UDI4", "Aspirin Tablets (500 MG)")} -> Metformin Tablets (100 MG) | P13: 4012
A14: 40000002513 | B14: 1010 | C14: 4 | D14: QL040000003113 | E14: =E15 -> 45876 | F14: =TIME(RANDBETWEEN(12,22), RANDBETWEEN(0,59), RANDBETWEEN(0,59)) -> 0.76216435 | G14: ZK384180 | H14: =E14 -> 45876 | I14: =F14 -> 0.76216435 | J14: =E14 -> 45876 | K14: =I14+TIME(1,RANDBETWEEN(25,50),RANDBETWEEN(0,59)) -> 0.82128472 | L14: Q | M14: 1004523 | N14: FG0003SEG | O14: {=_xlfn.IFS(N14="FG2020US1", "Ibuprofen Tablets (100 MG)", N14="FG0001SEG", "Metformin Tablets (100 MG)", N14="FG0002SEG", "Metformin Tablets (200 MG)", N14="FG0003SEG", "Metformin Tablets (500 MG)", N14="FG00UDI4", "Aspirin Tablets (500 MG)")} -> Metformin Tablets (500 MG) | P14: 4013
A15: 40000002514 | B15: 1010 | C15: 4 | D15: QL040000003114 | E15: =E16-1 -> 45876 | F15: =TIME(RANDBETWEEN(0,10), RANDBETWEEN(0,59), RANDBETWEEN(0,59)) -> 0.16636574 | G15: YA284176 | H15: =E15 -> 45876 | I15: =F15 -> 0.16636574 | J15: =E15 -> 45876 | K15: =I15+TIME(1,RANDBETWEEN(25,50),RANDBETWEEN(0,59)) -> 0.23636574 | L15: Q | M15: 1004524 | N15: FG2020US1 | O15: {=_xlfn.IFS(N15="FG2020US1", "Ibuprofen Tablets (100 MG)", N15="FG0001SEG", "Metformin Tablets (100 MG)", N15="FG0002SEG", "Metformin Tablets (200 MG)", N15="FG0003SEG", "Metformin Tablets (500 MG)", N15="FG00UDI4", "Aspirin Tablets (500 MG)")} -> Ibuprofen Tablets (100 MG) | P15: 4014
A16: 40000002515 | B16: 1010 | C16: 4 | D16: QL040000003115 | E16: =E17 -> 45877 | F16: =TIME(RANDBETWEEN(12,22), RANDBETWEEN(0,59), RANDBETWEEN(0,59)) -> 0.9177662 | G16: TP397880 | H16: =E16 -> 45877 | I16: =F16 -> 0.9177662 | J16: =E16 -> 45877 | K16: =I16+TIME(1,RANDBETWEEN(25,50),RANDBETWEEN(0,59)) -> 0.99177083 | L16: Q | M16: 1004525 | N16: FG2020US1 | O16: {=_xlfn.IFS(N16="FG2020US1", "Ibuprofen Tablets (100 MG)", N16="FG0001SEG", "Metformin Tablets (100 MG)", N16="FG0002SEG", "Metformin Tablets (200 MG)", N16="FG0003SEG", "Metformin Tablets (500 MG)", N16="FG00UDI4", "Aspirin Tablets (500 MG)")} -> Ibuprofen Tablets (100 MG) | P16: 4015
A17: 40000002516 | B17: 1010 | C17: 4 | D17: QL040000003116 | E17: =E18-1 -> 45877 | F17: =TIME(RANDBETWEEN(0,10), RANDBETWEEN(0,59), RANDBETWEEN(0,59)) -> 0.069143519 | G17: YA284176 | H17: =E17 -> 45877 | I17: =F17 -> 0.069143519 | J17: =E17 -> 45877 | K17: =I17+TIME(1,RANDBETWEEN(25,50),RANDBETWEEN(0,59)) -> 0.14555556 | L17: Q | M17: 1004526 | N17: FG0002SEG | O17: {=_xlfn.IFS(N17="FG2020US1", "Ibuprofen Tablets (100 MG)", N17="FG0001SEG", "Metformin Tablets (100 MG)", N17="FG0002SEG", "Metformin Tablets (200 MG)", N17="FG0003SEG", "Metformin Tablets (500 MG)", N17="FG00UDI4", "Aspirin Tablets (500 MG)")} -> Metformin Tablets (200 MG) | P17: 4016
A18: 40000002517 | B18: 1010 | C18: 4 | D18: QL040000003117 | E18: =E19 -> 45878 | F18: =TIME(RANDBETWEEN(12,22), RANDBETWEEN(0,59), RANDBETWEEN(0,59)) -> 0.70297454 | G18: ZK384180 | H18: =E18 -> 45878 | I18: =F18 -> 0.70297454 | J18: =E18 -> 45878 | K18: =I18+TIME(1,RANDBETWEEN(25,50),RANDBETWEEN(0,59)) -> 0.76347222 | L18: Q | M18: 1004527 | N18: FG0002SEG | O18: {=_xlfn.IFS(N18="FG2020US1", "Ibuprofen Tablets (100 MG)", N18="FG0001SEG", "Metformin Tablets (100 MG)", N18="FG0002SEG", "Metformin Tablets (200 MG)", N18="FG0003SEG", "Metformin Tablets (500 MG)", N18="FG00UDI4", "Aspirin Tablets (500 MG)")} -> Metformin Tablets (200 MG) | P18: 4017
A19: 40000002518 | B19: 1010 | C19: 4 | D19: QL040000003118 | E19: =E20-1 -> 45878 | F19: =TIME(RANDBETWEEN(0,10), RANDBETWEEN(0,59), RANDBETWEEN(0,59)) -> 0.17247685 | G19: YA284176 | H19: =E19 -> 45878 | I19: =F19 -> 0.17247685 | J19: =E19 -> 45878 | K19: =I19+TIME(1,RANDBETWEEN(25,50),RANDBETWEEN(0,59)) -> 0.24465278 | L19: Q | M19: 1004528 | N19: FG2020US1 | O19: {=_xlfn.IFS(N19="FG2020US1", "Ibuprofen Tablets (100 MG)", N19="FG0001SEG", "Metformin Tablets (100 MG)", N19="FG0002SEG", "Metformin Tablets (200 MG)", N19="FG0003SEG", "Metformin Tablets (500 MG)", N19="FG00UDI4", "Aspirin Tablets (500 MG)")} -> Ibuprofen Tablets (100 MG) | P19: 4018
A20: 40000002519 | B20: 1010 | C20: 4 | D20: QL040000003119 | E20: =E21 -> 45879 | F20: =TIME(RANDBETWEEN(12,22), RANDBETWEEN(0,59), RANDBETWEEN(0,59)) -> 0.72340278 | G20: TP397880 | H20: =E20 -> 45879 | I20: =F20 -> 0.72340278 | J20: =E20 -> 45879 | K20: =I20+TIME(1,RANDBETWEEN(25,50),RANDBETWEEN(0,59)) -> 0.7871412 | L20: Q | M20: 1004529 | N20: FG00UDI4 | O20: {=_xlfn.IFS(N20="FG2020US1", "Ibuprofen Tablets (100 MG)", N20="FG0001SEG", "Metformin Tablets (100 MG)", N20="FG0002SEG", "Metformin Tablets (200 MG)", N20="FG0003SEG", "Metformin Tablets (500 MG)", N20="FG00UDI4", "Aspirin Tablets (500 MG)")} -> Aspirin Tablets (500 MG) | P20: 4019
A21: 40000002520 | B21: 1010 | C21: 4 | D21: QL040000003120 | E21: =E22-1 -> 45879 | F21: =TIME(RANDBETWEEN(0,10), RANDBETWEEN(0,59), RANDBETWEEN(0,59)) -> 0.37826389 | G21: GC197258 | H21: =E21 -> 45879 | I21: =F21 -> 0.37826389 | J21: =E21 -> 45879 | K21: =I21+TIME(1,RANDBETWEEN(25,50),RANDBETWEEN(0,59)) -> 0.45524306 | L21: Q | M21: 1004530 | N21: FG0001SEG | O21: {=_xlfn.IFS(N21="FG2020US1", "Ibuprofen Tablets (100 MG)", N21="FG0001SEG", "Metformin Tablets (100 MG)", N21="FG0002SEG", "Metformin Tablets (200 MG)", N21="FG0003SEG", "Metformin Tablets (500 MG)", N21="FG00UDI4", "Aspirin Tablets (500 MG)")} -> Metformin Tablets (100 MG) | P21: 4020
A22: 40000002521 | B22: 1010 | C22: 4 | D22: QL040000003121 | E22: =E23 -> 45880 | F22: =TIME(RANDBETWEEN(12,22), RANDBETWEEN(0,59), RANDBETWEEN(0,59)) -> 0.78569444 | G22: ZK384180 | H22: =E22 -> 45880 | I22: =F22 -> 0.78569444 | J22: =E22 -> 45880 | K22: =I22+TIME(1,RANDBETWEEN(25,50),RANDBETWEEN(0,59)) -> 0.85378472 | L22: Q | M22: 1004531 | N22: FG2020US1 | O22: {=_xlfn.IFS(N22="FG2020US1", "Ibuprofen Tablets (100 MG)", N22="FG0001SEG", "Metformin Tablets (100 MG)", N22="FG0002SEG", "Metformin Tablets (200 MG)", N22="FG0003SEG", "Metformin Tablets (500 MG)", N22="FG00UDI4", "Aspirin Tablets (500 MG)")} -> Ibuprofen Tablets (100 MG) | P22: 4021
A23: 40000002522 | B23: 1010 | C23: 4 | D23: QL040000003122 | E23: =E24-1 -> 45880 | F23: =TIME(RANDBETWEEN(0,10), RANDBETWEEN(0,59), RANDBETWEEN(0,59)) -> 0.3933912 | G23: YA284176 | H23: =E23 -> 45880 | I23: =F23 -> 0.3933912 | J23: =E23 -> 45880 | K23: =I23+TIME(1,RANDBETWEEN(25,50),RANDBETWEEN(0,59)) -> 0.46545139 | L23: Q | M23: 1004532 | N23: FG2020US1 | O23: {=_xlfn.IFS(N23="FG2020US1", "Ibuprofen Tablets (100 MG)", N23="FG0001SEG", "Metformin Tablets (100 MG)", N23="FG0002SEG", "Metformin Tablets (200 MG)", N23="FG0003SEG", "Metformin Tablets (500 MG)", N23="FG00UDI4", "Aspirin Tablets (500 MG)")} -> Ibuprofen Tablets (100 MG) | P23: 4022
A24: 40000002523 | B24: 1010 | C24: 4 | D24: QL040000003123 | E24: =E25 -> 45881 | F24: =TIME(RANDBETWEEN(12,22), RANDBETWEEN(0,59), RANDBETWEEN(0,59)) -> 0.54584491 | G24: ZK384180 | H24: =E24 -> 45881 | I24: =F24 -> 0.54584491 | J24: =E24 -> 45881 | K24: =I24+TIME(1,RANDBETWEEN(25,50),RANDBETWEEN(0,59)) -> 0.60946759 | L24: Q | M24: 1004533 | N24: FG0003SEG | O24: {=_xlfn.IFS(N24="FG2020US1", "Ibuprofen Tablets (100 MG)", N24="FG0001SEG", "Metformin Tablets (100 MG)", N24="FG0002SEG", "Metformin Tablets (200 MG)", N24="FG0003SEG", "Metformin Tablets (500 MG)", N24="FG00UDI4", "Aspirin Tablets (500 MG)")} -> Metformin Tablets (500 MG) | P24: 4023
A25: 40000002524 | B25: 1010 | C25: 4 | D25: QL040000003124 | E25: =E26-1 -> 45881 | F25: =TIME(RANDBETWEEN(0,10), RANDBETWEEN(0,59), RANDBETWEEN(0,59)) -> 0.42277778 | G25: GC197258 | H25: =E25 -> 45881 | I25: =F25 -> 0.42277778 | J25: =E25 -> 45881 | K25: =I25+TIME(1,RANDBETWEEN(25,50),RANDBETWEEN(0,59)) -> 0.4874537 | L25: Q | M25: 1004534 | N25: FG0003SEG | O25: {=_xlfn.IFS(N25="FG2020US1", "Ibuprofen Tablets (100 MG)", N25="FG0001SEG", "Metformin Tablets (100 MG)", N25="FG0002SEG", "Metformin Tablets (200 MG)", N25="FG0003SEG", "Metformin Tablets (500 MG)", N25="FG00UDI4", "Aspirin Tablets (500 MG)")} -> Metformin Tablets (500 MG) | P25: 4024
A26: 40000002525 | B26: 1010 | C26: 4 | D26: QL040000003125 | E26: =E27 -> 45882 | F26: =TIME(RANDBETWEEN(12,22), RANDBETWEEN(0,59), RANDBETWEEN(0,59)) -> 0.91469907 | G26: AB406550 | H26: =E26 -> 45882 | I26: =F26 -> 0.91469907 | J26: =E26 -> 45882 | K26: =I26+TIME(1,RANDBETWEEN(25,50),RANDBETWEEN(0,59)) -> 0.98853009 | L26: Q | M26: 1004535 | N26: FG2020US1 | O26: {=_xlfn.IFS(N26="FG2020US1", "Ibuprofen Tablets (100 MG)", N26="FG0001SEG", "Metformin Tablets (100 MG)", N26="FG0002SEG", "Metformin Tablets (200 MG)", N26="FG0003SEG", "Metformin Tablets (500 MG)", N26="FG00UDI4", "Aspirin Tablets (500 MG)")} -> Ibuprofen Tablets (100 MG) | P26: 4025
A27: 40000002526 | B27: 1010 | C27: 4 | D27: QL040000003126 | E27: =E28-1 -> 45882 | F27: =TIME(RANDBETWEEN(0,10), RANDBETWEEN(0,59), RANDBETWEEN(0,59)) -> 0.19553241 | G27: TG509538 | H27: =E27 -> 45882 | I27: =F27 -> 0.19553241 | J27: =E27 -> 45882 | K27: =I27+TIME(1,RANDBETWEEN(25,50),RANDBETWEEN(0,59)) -> 0.27128472 | L27: Q | M27: 1004536 | N27: FG0003SEG | O27: {=_xlfn.IFS(N27="FG2020US1", "Ibuprofen Tablets (100 MG)", N27="FG0001SEG", "Metformin Tablets (100 MG)", N27="FG0002SEG", "Metformin Tablets (200 MG)", N27="FG0003SEG", "Metformin Tablets (500 MG)", N27="FG00UDI4", "Aspirin Tablets (500 MG)")} -> Metformin Tablets (500 MG) | P27: 4026
A28: 40000002527 | B28: 1010 | C28: 4 | D28: QL040000003127 | E28: =E29 -> 45883 | F28: =TIME(RANDBETWEEN(12,22), RANDBETWEEN(0,59), RANDBETWEEN(0,59)) -> 0.77383102 | G28: TP397880 | H28: =E28 -> 45883 | I28: =F28 -> 0.77383102 | J28: =E28 -> 45883 | K28: =I28+TIME(1,RANDBETWEEN(25,50),RANDBETWEEN(0,59)) -> 0.84259259 | L28: Q | M28: 1004537 | N28: FG2020US1 | O28: {=_xlfn.IFS(N28="FG2020US1", "Ibuprofen Tablets (100 MG)", N28="FG0001SEG", "Metformin Tablets (100 MG)", N28="FG0002SEG", "Metformin Tablets (200 MG)", N28="FG0003SEG", "Metformin Tablets (500 MG)", N28="FG00UDI4", "Aspirin Tablets (500 MG)")} -> Ibuprofen Tablets (100 MG) | P28: 4027
A29: 40000002528 | B29: 1010 | C29: 4 | D29: QL040000003128 | E29: =E30-1 -> 45883 | F29: =TIME(RANDBETWEEN(0,10), RANDBETWEEN(0,59), RANDBETWEEN(0,59)) -> 0.25623843 | G29: YA284176 | H29: =E29 -> 45883 | I29: =F29 -> 0.25623843 | J29: =E29 -> 45883 | K29: =I29+TIME(1,RANDBETWEEN(25,50),RANDBETWEEN(0,59)) -> 0.3228125 | L29: Q | M29: 1004538 | N29: FG0001SEG | O29: {=_xlfn.IFS(N29="FG2020US1", "Ibuprofen Tablets (100 MG)", N29="FG0001SEG", "Metformin Tablets (100 MG)", N29="FG0002SEG", "Metformin Tablets (200 MG)", N29="FG0003SEG", "Metformin Tablets (500 MG)", N29="FG00UDI4", "Aspirin Tablets (500 MG)")} -> Metformin Tablets (100 MG) | P29: 4028
A30: 40000002529 | B30: 1010 | C30: 4 | D30: QL040000003129 | E30: =E31 -> 45884 | F30: =TIME(RANDBETWEEN(12,22), RANDBETWEEN(0,59), RANDBETWEEN(0,59)) -> 0.53420139 | G30: AB406550 | H30: =E30 -> 45884 | I30: =F30 -> 0.53420139 | J30: =E30 -> 45884 | K30: =I30+TIME(1,RANDBETWEEN(25,50),RANDBETWEEN(0,59)) -> 0.60662037 | L30: Q | M30: 1004539 | N30: FG0001SEG | O30: {=_xlfn.IFS(N30="FG2020US1", "Ibuprofen Tablets (100 MG)", N30="FG0001SEG", "Metformin Tablets (100 MG)", N30="FG0002SEG", "Metformin Tablets (200 MG)", N30="FG0003SEG", "Metformin Tablets (500 MG)", N30="FG00UDI4", "Aspirin Tablets (500 MG)")} -> Metformin Tablets (100 MG) | P30: 4029
A31: 40000002530 | B31: 1010 | C31: 4 | D31: QL040000003130 | E31: =E32-1 -> 45884 | F31: =TIME(RANDBETWEEN(0,10), RANDBETWEEN(0,59), RANDBETWEEN(0,59)) -> 0.28056713 | G31: GC197258 | H31: =E31 -> 45884 | I31: =F31 -> 0.28056713 | J31: =E31 -> 45884 | K31: =I31+TIME(1,RANDBETWEEN(25,50),RANDBETWEEN(0,59)) -> 0.35686343 | L31: Q | M31: 1004540 | N31: FG00UDI4 | O31: {=_xlfn.IFS(N31="FG2020US1", "Ibuprofen Tablets (100 MG)", N31="FG0001SEG", "Metformin Tablets (100 MG)", N31="FG0002SEG", "Metformin Tablets (200 MG)", N31="FG0003SEG", "Metformin Tablets (500 MG)", N31="FG00UDI4", "Aspirin Tablets (500 MG)")} -> Aspirin Tablets (500 MG) | P31: 4030
A32: 40000002531 | B32: 1010 | C32: 4 | D32: QL040000003131 | E32: =E33 -> 45885 | F32: =TIME(RANDBETWEEN(12,22), RANDBETWEEN(0,59), RANDBETWEEN(0,59)) -> 0.57795139 | G32: TP397880 | H32: =E32 -> 45885 | I32: =F32 -> 0.57795139 | J32: =E32 -> 45885 | K32: =I32+TIME(1,RANDBETWEEN(25,50),RANDBETWEEN(0,59)) -> 0.6502662 | L32: Q | M32: 1004541 | N32: FG0002SEG | O32: {=_xlfn.IFS(N32="FG2020US1", "Ibuprofen Tablets (100 MG)", N32="FG0001SEG", "Metformin Tablets (100 MG)", N32="FG0002SEG", "Metformin Tablets (200 MG)", N32="FG0003SEG", "Metformin Tablets (500 MG)", N32="FG00UDI4", "Aspirin Tablets (500 MG)")} -> Metformin Tablets (200 MG) | P32: 4031
A33: 40000002532 | B33: 1010 | C33: 4 | D33: QL040000003132 | E33: =E34-1 -> 45885 | F33: =TIME(RANDBETWEEN(0,10), RANDBETWEEN(0,59), RANDBETWEEN(0,59)) -> 0.16503472 | G33: GC197258 | H33: =E33 -> 45885 | I33: =F33 -> 0.16503472 | J33: =E33 -> 45885 | K33: =I33+TIME(1,RANDBETWEEN(25,50),RANDBETWEEN(0,59)) -> 0.22746528 | L33: Q | M33: 1004542 | N33: FG0002SEG | O33: {=_xlfn.IFS(N33="FG2020US1", "Ibuprofen Tablets (100 MG)", N33="FG0001SEG", "Metformin Tablets (100 MG)", N33="FG0002SEG", "Metformin Tablets (200 MG)", N33="FG0003SEG", "Metformin Tablets (500 MG)", N33="FG00UDI4", "Aspirin Tablets (500 MG)")} -> Metformin Tablets (200 MG) | P33: 4032
A34: 40000002533 | B34: 1010 | C34: 4 | D34: QL040000003133 | E34: =E35 -> 45886 | F34: =TIME(RANDBETWEEN(12,22), RANDBETWEEN(0,59), RANDBETWEEN(0,59)) -> 0.62068287 | G34: AB406550 | H34: =E34 -> 45886 | I34: =F34 -> 0.62068287 | J34: =E34 -> 45886 | K34: =I34+TIME(1,RANDBETWEEN(25,50),RANDBETWEEN(0,59)) -> 0.68756944 | L34: Q | M34: 1004543 | N34: FG0003SEG | O34: {=_xlfn.IFS(N34="FG2020US1", "Ibuprofen Tablets (100 MG)", N34="FG0001SEG", "Metformin Tablets (100 MG)", N34="FG0002SEG", "Metformin Tablets (200 MG)", N34="FG0003SEG", "Metformin Tablets (500 MG)", N34="FG00UDI4", "Aspirin Tablets (500 MG)")} -> Metformin Tablets (500 MG) | P34: 4033
A35: 40000002534 | B35: 1010 | C35: 4 | D35: QL040000003134 | E35: =E36-1 -> 45886 | F35: =TIME(RANDBETWEEN(0,10), RANDBETWEEN(0,59), RANDBETWEEN(0,59)) -> 0.052638889 | G35: YA284176 | H35: =E35 -> 45886 | I35: =F35 -> 0.052638889 | J35: =E35 -> 45886 | K35: =I35+TIME(1,RANDBETWEEN(25,50),RANDBETWEEN(0,59)) -> 0.12405093 | L35: Q | M35: 1004544 | N35: FG0002SEG | O35: {=_xlfn.IFS(N35="FG2020US1", "Ibuprofen Tablets (100 MG)", N35="FG0001SEG", "Metformin Tablets (100 MG)", N35="FG0002SEG", "Metformin Tablets (200 MG)", N35="FG0003SEG", "Metformin Tablets (500 MG)", N35="FG00UDI4", "Aspirin Tablets (500 MG)")} -> Metformin Tablets (200 MG) | P35: 4034
A36: 40000002535 | B36: 1010 | C36: 4 | D36: QL040000003135 | E36: =E37 -> 45887 | F36: =TIME(RANDBETWEEN(12,22), RANDBETWEEN(0,59), RANDBETWEEN(0,59)) -> 0.85609954 | G36: AB406550 | H36: =E36 -> 45887 | I36: =F36 -> 0.85609954 | J36: =E36 -> 45887 | K36: =I36+TIME(1,RANDBETWEEN(25,50),RANDBETWEEN(0,59)) -> 0.91865741 | L36: Q | M36: 1004545 | N36: FG0001SEG | O36: {=_xlfn.IFS(N36="FG2020US1", "Ibuprofen Tablets (100 MG)", N36="FG0001SEG", "Metformin Tablets (100 MG)", N36="FG0002SEG", "Metformin Tablets (200 MG)", N36="FG0003SEG", "Metformin Tablets (500 MG)", N36="FG00UDI4", "Aspirin Tablets (500 MG)")} -> Metformin Tablets (100 MG) | P36: 4035
A37: 40000002536 | B37: 1010 | C37: 4 | D37: QL040000003136 | E37: =E38-1 -> 45887 | F37: =TIME(RANDBETWEEN(0,10), RANDBETWEEN(0,59), RANDBETWEEN(0,59)) -> 0.22001157 | G37: TG509538 | H37: =E37 -> 45887 | I37: =F37 -> 0.22001157 | J37: =E37 -> 45887 | K37: =I37+TIME(1,RANDBETWEEN(25,50),RANDBETWEEN(0,59)) -> 0.29577546 | L37: Q | M37: 1004546 | N37: FG0003SEG | O37: {=_xlfn.IFS(N37="FG2020US1", "Ibuprofen Tablets (100 MG)", N37="FG0001SEG", "Metformin Tablets (100 MG)", N37="FG0002SEG", "Metformin Tablets (200 MG)", N37="FG0003SEG", "Metformin Tablets (500 MG)", N37="FG00UDI4", "Aspirin Tablets (500 MG)")} -> Metformin Tablets (500 MG) | P37: 4036
A38: 40000002537 | B38: 1010 | C38: 4 | D38: QL040000003137 | E38: =E39 -> 45888 | F38: =TIME(RANDBETWEEN(12,22), RANDBETWEEN(0,59), RANDBETWEEN(0,59)) -> 0.74059028 | G38: TP397880 | H38: =E38 -> 45888 | I38: =F38 -> 0.74059028 | J38: =E38 -> 45888 | K38: =I38+TIME(1,RANDBETWEEN(25,50),RANDBETWEEN(0,59)) -> 0.81429398 | L38: Q | M38: 1004547 | N38: FG2020US1 | O38: {=_xlfn.IFS(N38="FG2020US1", "Ibuprofen Tablets (100 MG)", N38="FG0001SEG", "Metformin Tablets (100 MG)", N38="FG0002SEG", "Metformin Tablets (200 MG)", N38="FG0003SEG", "Metformin Tablets (500 MG)", N38="FG00UDI4", "Aspirin Tablets (500 MG)")} -> Ibuprofen Tablets (100 MG) | P38: 4037
A39: 40000002538 | B39: 1010 | C39: 4 | D39: QL040000003138 | E39: =E40-1 -> 45888 | F39: =TIME(RANDBETWEEN(0,10), RANDBETWEEN(0,59), RANDBETWEEN(0,59)) -> 0.03630787 | G39: GC197258 | H39: =E39 -> 45888 | I39: =F39 -> 0.03630787 | J39: =E39 -> 45888 | K39: =I39+TIME(1,RANDBETWEEN(25,50),RANDBETWEEN(0,59)) -> 0.10803241 | L39: Q | M39: 1004548 | N39: FG00UDI4 | O39: {=_xlfn.IFS(N39="FG2020US1", "Ibuprofen Tablets (100 MG)", N39="FG0001SEG", "Metformin Tablets (100 MG)", N39="FG0002SEG", "Metformin Tablets (200 MG)", N39="FG0003SEG", "Metformin Tablets (500 MG)", N39="FG00UDI4", "Aspirin Tablets (500 MG)")} -> Aspirin Tablets (500 MG) | P39: 4038
A40: 40000002539 | B40: 1010 | C40: 4 | D40: QL040000003139 | E40: =E41 -> 45889 | F40: =TIME(RANDBETWEEN(12,22), RANDBETWEEN(0,59), RANDBETWEEN(0,59)) -> 0.62072917 | G40: ZK384180 | H40: =E40 -> 45889 | I40: =F40 -> 0.62072917 | J40: =E40 -> 45889 | K40: =I40+TIME(1,RANDBETWEEN(25,50),RANDBETWEEN(0,59)) -> 0.68393519 | L40: Q | M40: 1004549 | N40: FG2020US1 | O40: {=_xlfn.IFS(N40="FG2020US1", "Ibuprofen Tablets (100 MG)", N40="FG0001SEG", "Metformin Tablets (100 MG)", N40="FG0002SEG", "Metformin Tablets (200 MG)", N40="FG0003SEG", "Metformin Tablets (500 MG)", N40="FG00UDI4", "Aspirin Tablets (500 MG)")} -> Ibuprofen Tablets (100 MG) | P40: 4039
A41: 40000002540 | B41: 1010 | C41: 4 | D41: QL040000003140 | E41: =E42-1 -> 45889 | F41: =TIME(RANDBETWEEN(0,10), RANDBETWEEN(0,59), RANDBETWEEN(0,59)) -> 0.34909722 | G41: GC197258 | H41: =E41 -> 45889 | I41: =F41 -> 0.34909722 | J41: =E41 -> 45889 | K41: =I41+TIME(1,RANDBETWEEN(25,50),RANDBETWEEN(0,59)) -> 0.41318287 | L41: Q | M41: 1004550 | N41: FG0002SEG | O41: {=_xlfn.IFS(N41="FG2020US1", "Ibuprofen Tablets (100 MG)", N41="FG0001SEG", "Metformin Tablets (100 MG)", N41="FG0002SEG", "Metformin Tablets (200 MG)", N41="FG0003SEG", "Metformin Tablets (500 MG)", N41="FG00UDI4", "Aspirin Tablets (500 MG)")} -> Metformin Tablets (200 MG) | P41: 4040
A42: 40000002541 | B42: 1010 | C42: 4 | D42: QL040000003141 | E42: =E43 -> 45890 | F42: =TIME(RANDBETWEEN(12,22), RANDBETWEEN(0,59), RANDBETWEEN(0,59)) -> 0.51862269 | G42: ZK384180 | H42: =E42 -> 45890 | I42: =F42 -> 0.51862269 | J42: =E42 -> 45890 | K42: =I42+TIME(1,RANDBETWEEN(25,50),RANDBETWEEN(0,59)) -> 0.58861111 | L42: Q | M42: 1004551 | N42: FG0001SEG | O42: {=_xlfn.IFS(N42="FG2020US1", "Ibuprofen Tablets (100 MG)", N42="FG0001SEG", "Metformin Tablets (100 MG)", N42="FG0002SEG", "Metformin Tablets (200 MG)", N42="FG0003SEG", "Metformin Tablets (500 MG)", N42="FG00UDI4", "Aspirin Tablets (500 MG)")} -> Metformin Tablets (100 MG) | P42: 4041
A43: 40000002542 | B43: 1010 | C43: 4 | D43: QL040000003142 | E43: =E44-1 -> 45890 | F43: =TIME(RANDBETWEEN(0,10), RANDBETWEEN(0,59), RANDBETWEEN(0,59)) -> 0.090405093 | G43: TG509538 | H43: =E43 -> 45890 | I43: =F43 -> 0.090405093 | J43: =E43 -> 45890 | K43: =I43+TIME(1,RANDBETWEEN(25,50),RANDBETWEEN(0,59)) -> 0.15392361 | L43: Q | M43: 1004552 | N43: FG0003SEG | O43: {=_xlfn.IFS(N43="FG2020US1", "Ibuprofen Tablets (100 MG)", N43="FG0001SEG", "Metformin Tablets (100 MG)", N43="FG0002SEG", "Metformin Tablets (200 MG)", N43="FG0003SEG", "Metformin Tablets (500 MG)", N43="FG00UDI4", "Aspirin Tablets (500 MG)")} -> Metformin Tablets (500 MG) | P43: 4042
A44: 40000002543 | B44: 1010 | C44: 4 | D44: QL040000003143 | E44: =E45 -> 45891 | F44: =TIME(RANDBETWEEN(12,22), RANDBETWEEN(0,59), RANDBETWEEN(0,59)) -> 0.57539352 | G44: TP397880 | H44: =E44 -> 45891 | I44: =F44 -> 0.57539352 | J44: =E44 -> 45891 | K44: =I44+TIME(1,RANDBETWEEN(25,50),RANDBETWEEN(0,59)) -> 0.6509375 | L44: Q | M44: 1004553 | N44: FG0001SEG | O44: {=_xlfn.IFS(N44="FG2020US1", "Ibuprofen Tablets (100 MG)", N44="FG0001SEG", "Metformin Tablets (100 MG)", N44="FG0002SEG", "Metformin Tablets (200 MG)", N44="FG0003SEG", "Metformin Tablets (500 MG)", N44="FG00UDI4", "Aspirin Tablets (500 MG)")} -> Metformin Tablets (100 MG) | P44: 4043
A45: 40000002544 | B45: 1010 | C45: 4 | D45: QL040000003144 | E45: =E46-1 -> 45891 | F45: =TIME(RANDBETWEEN(0,10), RANDBETWEEN(0,59), RANDBETWEEN(0,59)) -> 0.29206019 | G45: GC197258 | H45: =E45 -> 45891 | I45: =F45 -> 0.29206019 | J45: =E45 -> 45891 | K45: =I45+TIME(1,RANDBETWEEN(25,50),RANDBETWEEN(0,59)) -> 0.35613426 | L45: Q | M45: 1004554 | N45: FG2020US1 | O45: {=_xlfn.IFS(N45="FG2020US1", "Ibuprofen Tablets (100 MG)", N45="FG0001SEG", "Metformin Tablets (100 MG)", N45="FG0002SEG", "Metformin Tablets (200 MG)", N45="FG0003SEG", "Metformin Tablets (500 MG)", N45="FG00UDI4", "Aspirin Tablets (500 MG)")} -> Ibuprofen Tablets (100 MG) | P45: 4044
A46: 40000002545 | B46: 1010 | C46: 4 | D46: QL040000003145 | E46: =E47 -> 45892 | F46: =TIME(RANDBETWEEN(12,22), RANDBETWEEN(0,59), RANDBETWEEN(0,59)) -> 0.54116898 | G46: TP397880 | H46: =E46 -> 45892 | I46: =F46 -> 0.54116898 | J46: =E46 -> 45892 | K46: =I46+TIME(1,RANDBETWEEN(25,50),RANDBETWEEN(0,59)) -> 0.60099537 | L46: Q | M46: 1004555 | N46: FG0002SEG | O46: {=_xlfn.IFS(N46="FG2020US1", "Ibuprofen Tablets (100 MG)", N46="FG0001SEG", "Metformin Tablets (100 MG)", N46="FG0002SEG", "Metformin Tablets (200 MG)", N46="FG0003SEG", "Metformin Tablets (500 MG)", N46="FG00UDI4", "Aspirin Tablets (500 MG)")} -> Metformin Tablets (200 MG) | P46: 4045
A47: 40000002546 | B47: 1010 | C47: 4 | D47: QL040000003146 | E47: =E48-1 -> 45892 | F47: =TIME(RANDBETWEEN(0,10), RANDBETWEEN(0,59), RANDBETWEEN(0,59)) -> 0.039027778 | G47: YA284176 | H47: =E47 -> 45892 | I47: =F47 -> 0.039027778 | J47: =E47 -> 45892 | K47: =I47+TIME(1,RANDBETWEEN(25,50),RANDBETWEEN(0,59)) -> 0.10869213 | L47: Q | M47: 1004556 | N47: FG0003SEG | O47: {=_xlfn.IFS(N47="FG2020US1", "Ibuprofen Tablets (100 MG)", N47="FG0001SEG", "Metformin Tablets (100 MG)", N47="FG0002SEG", "Metformin Tablets (200 MG)", N47="FG0003SEG", "Metformin Tablets (500 MG)", N47="FG00UDI4", "Aspirin Tablets (500 MG)")} -> Metformin Tablets (500 MG) | P47: 4046
A48: 40000002547 | B48: 1010 | C48: 4 | D48: QL040000003147 | E48: =E49 -> 45893 | F48: =TIME(RANDBETWEEN(12,22), RANDBETWEEN(0,59), RANDBETWEEN(0,59)) -> 0.77115741 | G48: AB406550 | H48: =E48 -> 45893 | I48: =F48 -> 0.77115741 | J48: =E48 -> 45893 | K48: =I48+TIME(1,RANDBETWEEN(25,50),RANDBETWEEN(0,59)) -> 0.84675926 | L48: Q | M48: 1004557 | N48: FG00UDI4 | O48: {=_xlfn.IFS(N48="FG2020US1", "Ibuprofen Tablets (100 MG)", N48="FG0001SEG", "Metformin Tablets (100 MG)", N48="FG0002SEG", "Metformin Tablets (200 MG)", N48="FG0003SEG", "Metformin Tablets (500 MG)", N48="FG00UDI4", "Aspirin Tablets (500 MG)")} -> Aspirin Tablets (500 MG) | P48: 4047
A49: 40000002548 | B49: 1010 | C49: 4 | D49: QL040000003148 | E49: =E50-1 -> 45893 | F49: =TIME(RANDBETWEEN(0,10), RANDBETWEEN(0,59), RANDBETWEEN(0,59)) -> 0.20364583 | G49: GC197258 | H49: =E49 -> 45893 | I49: =F49 -> 0.20364583 | J49: =E49 -> 45893 | K49: =I49+TIME(1,RANDBETWEEN(25,50),RANDBETWEEN(0,59)) -> 0.26381944 | L49: Q | M49: 1004558 | N49: FG2020US1 | O49: {=_xlfn.IFS(N49="FG2020US1", "Ibuprofen Tablets (100 MG)", N49="FG0001SEG", "Metformin Tablets (100 MG)", N49="FG0002SEG", "Metformin Tablets (200 MG)", N49="FG0003SEG", "Metformin Tablets (500 MG)", N49="FG00UDI4", "Aspirin Tablets (500 MG)")} -> Ibuprofen Tablets (100 MG) | P49: 4048
A50: 40000002549 | B50: 1010 | C50: 4 | D50: QL040000003149 | E50: =E51 -> 45894 | F50: =TIME(RANDBETWEEN(12,22), RANDBETWEEN(0,59), RANDBETWEEN(0,59)) -> 0.80862269 | G50: TP397880 | H50: =E50 -> 45894 | I50: =F50 -> 0.80862269 | J50: =E50 -> 45894 | K50: =I50+TIME(1,RANDBETWEEN(25,50),RANDBETWEEN(0,59)) -> 0.8706713 | L50: Q | M50: 1004559 | N50: FG0002SEG | O50: {=_xlfn.IFS(N50="FG2020US1", "Ibuprofen Tablets (100 MG)", N50="FG0001SEG", "Metformin Tablets (100 MG)", N50="FG0002SEG", "Metformin Tablets (200 MG)", N50="FG0003SEG", "Metformin Tablets (500 MG)", N50="FG00UDI4", "Aspirin Tablets (500 MG)")} -> Metformin Tablets (200 MG) | P50: 4049
A51: 40000002550 | B51: 1010 | C51: 4 | D51: QL040000003150 | E51: =E52-1 -> 45894 | F51: =TIME(RANDBETWEEN(0,10), RANDBETWEEN(0,59), RANDBETWEEN(0,59)) -> 0.14810185 | G51: GC197258 | H51: =E51 -> 45894 | I51: =F51 -> 0.14810185 | J51: =E51 -> 45894 | K51: =I51+TIME(1,RANDBETWEEN(25,50),RANDBETWEEN(0,59)) -> 0.21666667 | L51: Q | M51: 1004560 | N51: FG0001SEG | O51: {=_xlfn.IFS(N51="FG2020US1", "Ibuprofen Tablets (100 MG)", N51="FG0001SEG", "Metformin Tablets (100 MG)", N51="FG0002SEG", "Metformin Tablets (200 MG)", N51="FG0003SEG", "Metformin Tablets (500 MG)", N51="FG00UDI4", "Aspirin Tablets (500 MG)")} -> Metformin Tablets (100 MG) | P51: 4050
A52: 40000002551 | B52: 1010 | C52: 4 | D52: QL040000003151 | E52: =E53 -> 45895 | F52: =TIME(RANDBETWEEN(12,22), RANDBETWEEN(0,59), RANDBETWEEN(0,59)) -> 0.82490741 | G52: TP397880 | H52: =E52 -> 45895 | I52: =F52 -> 0.82490741 | J52: =E52 -> 45895 | K52: =I52+TIME(1,RANDBETWEEN(25,50),RANDBETWEEN(0,59)) -> 0.89828704 | L52: Q | M52: 1004561 | N52: FG0001SEG | O52: {=_xlfn.IFS(N52="FG2020US1", "Ibuprofen Tablets (100 MG)", N52="FG0001SEG", "Metformin Tablets (100 MG)", N52="FG0002SEG", "Metformin Tablets (200 MG)", N52="FG0003SEG", "Metformin Tablets (500 MG)", N52="FG00UDI4", "Aspirin Tablets (500 MG)")} -> Metformin Tablets (100 MG) | P52: 4051
A53: 40000002552 | B53: 1010 | C53: 4 | D53: QL040000003152 | E53: =E54-1 -> 45895 | F53: =TIME(RANDBETWEEN(0,10), RANDBETWEEN(0,59), RANDBETWEEN(0,59)) -> 0.017951389 | G53: YA284176 | H53: =E53 -> 45895 | I53: =F53 -> 0.017951389 | J53: =E53 -> 45895 | K53: =I53+TIME(1,RANDBETWEEN(25,50),RANDBETWEEN(0,59)) -> 0.084108796 | L53: Q | M53: 1004562 | N53: FG2020US1 | O53: {=_xlfn.IFS(N53="FG2020US1", "Ibuprofen Tablets (100 MG)", N53="FG0001SEG", "Metformin Tablets (100 MG)", N53="FG0002SEG", "Metformin Tablets (200 MG)", N53="FG0003SEG", "Metformin Tablets (500 MG)", N53="FG00UDI4", "Aspirin Tablets (500 MG)")} -> Ibuprofen Tablets (100 MG) | P53: 4052
A54: 40000002553 | B54: 1010 | C54: 4 | D54: QL040000003153 | E54: =E55 -> 45896 | F54: =TIME(RANDBETWEEN(12,22), RANDBETWEEN(0,59), RANDBETWEEN(0,59)) -> 0.81084491 | G54: AB406550 | H54: =E54 -> 45896 | I54: =F54 -> 0.81084491 | J54: =E54 -> 45896 | K54: =I54+TIME(1,RANDBETWEEN(25,50),RANDBETWEEN(0,59)) -> 0.87630787 | L54: Q | M54: 1004563 | N54: FG00UDI4 | O54: {=_xlfn.IFS(N54="FG2020US1", "Ibuprofen Tablets (100 MG)", N54="FG0001SEG", "Metformin Tablets (100 MG)", N54="FG0002SEG", "Metformin Tablets (200 MG)", N54="FG0003SEG", "Metformin Tablets (500 MG)", N54="FG00UDI4", "Aspirin Tablets (500 MG)")} -> Aspirin Tablets (500 MG) | P54: 4053
A55: 40000002554 | B55: 1010 | C55: 4 | D55: QL040000003154 | E55: =E56-1 -> 45896 | F55: =TIME(RANDBETWEEN(0,10), RANDBETWEEN(0,59), RANDBETWEEN(0,59)) -> 0.0915625 | G55: TG509538 | H55: =E55 -> 45896 | I55: =F55 -> 0.0915625 | J55: =E55 -> 45896 | K55: =I55+TIME(1,RANDBETWEEN(25,50),RANDBETWEEN(0,59)) -> 0.15931713 | L55: Q | M55: 1004564 | N55: FG2020US1 | O55: {=_xlfn.IFS(N55="FG2020US1", "Ibuprofen Tablets (100 MG)", N55="FG0001SEG", "Metformin Tablets (100 MG)", N55="FG0002SEG", "Metformin Tablets (200 MG)", N55="FG0003SEG", "Metformin Tablets (500 MG)", N55="FG00UDI4", "Aspirin Tablets (500 MG)")} -> Ibuprofen Tablets (100 MG) | P55: 4054
A56: 40000002555 | B56: 1010 | C56: 4 | D56: QL040000003155 | E56: =E57 -> 45897 | F56: =TIME(RANDBETWEEN(12,22), RANDBETWEEN(0,59), RANDBETWEEN(0,59)) -> 0.84998843 | G56: TP397880 | H56: =E56 -> 45897 | I56: =F56 -> 0.84998843 | J56: =E56 -> 45897 | K56: =I56+TIME(1,RANDBETWEEN(25,50),RANDBETWEEN(0,59)) -> 0.92677083 | L56: Q | M56: 1004565 | N56: FG00UDI4 | O56: {=_xlfn.IFS(N56="FG2020US1", "Ibuprofen Tablets (100 MG)", N56="FG0001SEG", "Metformin Tablets (100 MG)", N56="FG0002SEG", "Metformin Tablets (200 MG)", N56="FG0003SEG", "Metformin Tablets (500 MG)", N56="FG00UDI4", "Aspirin Tablets (500 MG)")} -> Aspirin Tablets (500 MG) | P56: 4055
A57: 40000002556 | B57: 1010 | C57: 4 | D57: QL040000003156 | E57: =E58-1 -> 45897 | F57: =TIME(RANDBETWEEN(0,10), RANDBETWEEN(0,59), RANDBETWEEN(0,59)) -> 0.025034722 | G57: TG509538 | H57: =E57 -> 45897 | I57: =F57 -> 0.025034722 | J57: =E57 -> 45897 | K57: =I57+TIME(1,RANDBETWEEN(25,50),RANDBETWEEN(0,59)) -> 0.087256944 | L57: Q | M57: 1004566 | N57: FG0001SEG | O57: {=_xlfn.IFS(N57="FG2020US1", "Ibuprofen Tablets (100 MG)", N57="FG0001SEG", "Metformin Tablets (100 MG)", N57="FG0002SEG", "Metformin Tablets (200 MG)", N57="FG0003SEG", "Metformin Tablets (500 MG)", N57="FG00UDI4", "Aspirin Tablets (500 MG)")} -> Metformin Tablets (100 MG) | P57: 4056
A58: 40000002557 | B58: 1010 | C58: 4 | D58: QL040000003157 | E58: =E59 -> 45898 | F58: =TIME(RANDBETWEEN(12,22), RANDBETWEEN(0,59), RANDBETWEEN(0,59)) -> 0.88435185 | G58: TP397880 | H58: =E58 -> 45898 | I58: =F58 -> 0.88435185 | J58: =E58 -> 45898 | K58: =I58+TIME(1,RANDBETWEEN(25,50),RANDBETWEEN(0,59)) -> 0.94971065 | L58: Q | M58: 1004567 | N58: FG0001SEG | O58: {=_xlfn.IFS(N58="FG2020US1", "Ibuprofen Tablets (100 MG)", N58="FG0001SEG", "Metformin Tablets (100 MG)", N58="FG0002SEG", "Metformin Tablets (200 MG)", N58="FG0003SEG", "Metformin Tablets (500 MG)", N58="FG00UDI4", "Aspirin Tablets (500 MG)")} -> Metformin Tablets (100 MG) | P58: 4057
A59: 40000002558 | B59: 1010 | C59: 4 | D59: QL040000003158 | E59: =E60-1 -> 45898 | F59: =TIME(RANDBETWEEN(0,10), RANDBETWEEN(0,59), RANDBETWEEN(0,59)) -> 0.13703704 | G59: TG509538 | H59: =E59 -> 45898 | I59: =F59 -> 0.13703704 | J59: =E59 -> 45898 | K59: =I59+TIME(1,RANDBETWEEN(25,50),RANDBETWEEN(0,59)) -> 0.20133102 | L59: Q | M59: 1004568 | N59: FG0002SEG | O59: {=_xlfn.IFS(N59="FG2020US1", "Ibuprofen Tablets (100 MG)", N59="FG0001SEG", "Metformin Tablets (100 MG)", N59="FG0002SEG", "Metformin Tablets (200 MG)", N59="FG0003SEG", "Metformin Tablets (500 MG)", N59="FG00UDI4", "Aspirin Tablets (500 MG)")} -> Metformin Tablets (200 MG) | P59: 4058
A60: 40000002559 | B60: 1010 | C60: 4 | D60: QL040000003159 | E60: =E61 -> 45899 | F60: =TIME(RANDBETWEEN(12,22), RANDBETWEEN(0,59), RANDBETWEEN(0,59)) -> 0.64738426 | G60: TP397880 | H60: =E60 -> 45899 | I60: =F60 -> 0.64738426 | J60: =E60 -> 45899 | K60: =I60+TIME(1,RANDBETWEEN(25,50),RANDBETWEEN(0,59)) -> 0.7199537 | L60: Q | M60: 1004569 | N60: FG00UDI4 | O60: {=_xlfn.IFS(N60="FG2020US1", "Ibuprofen Tablets (100 MG)", N60="FG0001SEG", "Metformin Tablets (100 MG)", N60="FG0002SEG", "Metformin Tablets (200 MG)", N60="FG0003SEG", "Metformin Tablets (500 MG)", N60="FG00UDI4", "Aspirin Tablets (500 MG)")} -> Aspirin Tablets (500 MG) | P60: 4059
A61: 40000002560 | B61: 1010 | C61: 4 | D61: QL040000003160 | E61: =E62-1 -> 45899 | F61: =TIME(RANDBETWEEN(0,10), RANDBETWEEN(0,59), RANDBETWEEN(0,59)) -> 0.18555556 | G61: YA284176 | H61: =E61 -> 45899 | I61: =F61 -> 0.18555556 | J61: =E61 -> 45899 | K61: =I61+TIME(1,RANDBETWEEN(25,50),RANDBETWEEN(0,59)) -> 0.25961806 | L61: Q | M61: 1004570 | N61: FG0003SEG | O61: {=_xlfn.IFS(N61="FG2020US1", "Ibuprofen Tablets (100 MG)", N61="FG0001SEG", "Metformin Tablets (100 MG)", N61="FG0002SEG", "Metformin Tablets (200 MG)", N61="FG0003SEG", "Metformin Tablets (500 MG)", N61="FG00UDI4", "Aspirin Tablets (500 MG)")} -> Metformin Tablets (500 MG) | P61: 4060
A62: 40000002561 | B62: 1010 | C62: 4 | D62: QL040000003161 | E62: =E63 -> 45900 | F62: =TIME(RANDBETWEEN(12,22), RANDBETWEEN(0,59), RANDBETWEEN(0,59)) -> 0.94119213 | G62: ZK384180 | H62: =E62 -> 45900 | I62: =F62 -> 0.94119213 | J62: =E62 -> 45900 | K62: =I62+TIME(1,RANDBETWEEN(25,50),RANDBETWEEN(0,59)) -> 1.0176505 | L62: Q | M62: 1004571 | N62: FG0001SEG | O62: {=_xlfn.IFS(N62="FG2020US1", "Ibuprofen Tablets (100 MG)", N62="FG0001SEG", "Metformin Tablets (100 MG)", N62="FG0002SEG", "Metformin Tablets (200 MG)", N62="FG0003SEG", "Metformin Tablets (500 MG)", N62="FG00UDI4", "Aspirin Tablets (500 MG)")} -> Metformin Tablets (100 MG) | P62: 4061
A63: 40000002562 | B63: 1010 | C63: 4 | D63: QL040000003162 | E63: =E64-1 -> 45900 | F63: =TIME(RANDBETWEEN(0,10), RANDBETWEEN(0,59), RANDBETWEEN(0,59)) -> 0.1780787 | G63: GC197258 | H63: =E63 -> 45900 | I63: =F63 -> 0.1780787 | J63: =E63 -> 45900 | K63: =I63+TIME(1,RANDBETWEEN(25,50),RANDBETWEEN(0,59)) -> 0.23916667 | L63: Q | M63: 1004572 | N63: FG0003SEG | O63: {=_xlfn.IFS(N63="FG2020US1", "Ibuprofen Tablets (100 MG)", N63="FG0001SEG", "Metformin Tablets (100 MG)", N63="FG0002SEG", "Metformin Tablets (200 MG)", N63="FG0003SEG", "Metformin Tablets (500 MG)", N63="FG00UDI4", "Aspirin Tablets (500 MG)")} -> Metformin Tablets (500 MG) | P63: 4062
A64: 40000002563 | B64: 1010 | C64: 4 | D64: QL040000003163 | E64: =E65 -> 45901 | F64: =TIME(RANDBETWEEN(12,22), RANDBETWEEN(0,59), RANDBETWEEN(0,59)) -> 0.55445602 | G64: ZK384180 | H64: =E64 -> 45901 | I64: =F64 -> 0.55445602 | J64: =E64 -> 45901 | K64: =I64+TIME(1,RANDBETWEEN(25,50),RANDBETWEEN(0,59)) -> 0.62539352 | L64: Q | M64: 1004573 | N64: FG0001SEG | O64: {=_xlfn.IFS(N64="FG2020US1", "Ibuprofen Tablets (100 MG)", N64="FG0001SEG", "Metformin Tablets (100 MG)", N64="FG0002SEG", "Metformin Tablets (200 MG)", N64="FG0003SEG", "Metformin Tablets (500 MG)", N64="FG00UDI4", "Aspirin Tablets (500 MG)")} -> Metformin Tablets (100 MG) | P64: 4063
A65: 40000002564 | B65: 1010 | C65: 4 | D65: QL040000003164 | E65: =E66-1 -> 45901 | F65: =TIME(RANDBETWEEN(0,10), RANDBETWEEN(0,59), RANDBETWEEN(0,59)) -> 0.15074074 | G65: YA284176 | H65: =E65 -> 45901 | I65: =F65 -> 0.15074074 | J65: =E65 -> 45901 | K65: =I65+TIME(1,RANDBETWEEN(25,50),RANDBETWEEN(0,59)) -> 0.22037037 | L65: Q | M65: 1004574 | N65: FG00UDI4 | O65: {=_xlfn.IFS(N65="FG2020US1", "Ibuprofen Tablets (100 MG)", N65="FG0001SEG", "Metformin Tablets (100 MG)", N65="FG0002SEG", "Metformin Tablets (200 MG)", N65="FG0003SEG", "Metformin Tablets (500 MG)", N65="FG00UDI4", "Aspirin Tablets (500 MG)")} -> Aspirin Tablets (500 MG) | P65: 4064
A66: 40000002565 | B66: 1010 | C66: 4 | D66: QL040000003165 | E66: =E67 -> 45902 | F66: =TIME(RANDBETWEEN(12,22), RANDBETWEEN(0,59), RANDBETWEEN(0,59)) -> 0.73388889 | G66: TP397880 | H66: =E66 -> 45902 | I66: =F66 -> 0.73388889 | J66: =E66 -> 45902 | K66: =I66+TIME(1,RANDBETWEEN(25,50),RANDBETWEEN(0,59)) -> 0.80336806 | L66: Q | M66: 1004575 | N66: FG0003SEG | O66: {=_xlfn.IFS(N66="FG2020US1", "Ibuprofen Tablets (100 MG)", N66="FG0001SEG", "Metformin Tablets (100 MG)", N66="FG0002SEG", "Metformin Tablets (200 MG)", N66="FG0003SEG", "Metformin Tablets (500 MG)", N66="FG00UDI4", "Aspirin Tablets (500 MG)")} -> Metformin Tablets (500 MG) | P66: 4065
A67: 40000002566 | B67: 1010 | C67: 4 | D67: QL040000003166 | E67: =E68-1 -> 45902 | F67: =TIME(RANDBETWEEN(0,10), RANDBETWEEN(0,59), RANDBETWEEN(0,59)) -> 0.093113426 | G67: GC197258 | H67: =E67 -> 45902 | I67: =F67 -> 0.093113426 | J67: =E67 -> 45902 | K67: =I67+TIME(1,RANDBETWEEN(25,50),RANDBETWEEN(0,59)) -> 0.1550463 | L67: Q | M67: 1004576 | N67: FG00UDI4 | O67: {=_xlfn.IFS(N67="FG2020US1", "Ibuprofen Tablets (100 MG)", N67="FG0001SEG", "Metformin Tablets (100 MG)", N67="FG0002SEG", "Metformin Tablets (200 MG)", N67="FG0003SEG", "Metformin Tablets (500 MG)", N67="FG00UDI4", "Aspirin Tablets (500 MG)")} -> Aspirin Tablets (500 MG) | P67: 4066
A68: 40000002567 | B68: 1010 | C68: 4 | D68: QL040000003167 | E68: =E69 -> 45903 | F68: =TIME(RANDBETWEEN(12,22), RANDBETWEEN(0,59), RANDBETWEEN(0,59)) -> 0.52923611 | G68: AB406550 | H68: =E68 -> 45903 | I68: =F68 -> 0.52923611 | J68: =E68 -> 45903 | K68: =I68+TIME(1,RANDBETWEEN(25,50),RANDBETWEEN(0,59)) -> 0.60255787 | L68: Q | M68: 1004577 | N68: FG0003SEG | O68: {=_xlfn.IFS(N68="FG2020US1", "Ibuprofen Tablets (100 MG)", N68="FG0001SEG", "Metformin Tablets (100 MG)", N68="FG0002SEG", "Metformin Tablets (200 MG)", N68="FG0003SEG", "Metformin Tablets (500 MG)", N68="FG00UDI4", "Aspirin Tablets (500 MG)")} -> Metformin Tablets (500 MG) | P68: 4067
A69: 40000002568 | B69: 1010 | C69: 4 | D69: QL040000003168 | E69: =E70-1 -> 45903 | F69: =TIME(RANDBETWEEN(0,10), RANDBETWEEN(0,59), RANDBETWEEN(0,59)) -> 0.17251157 | G69: YA284176 | H69: =E69 -> 45903 | I69: =F69 -> 0.17251157 | J69: =E69 -> 45903 | K69: =I69+TIME(1,RANDBETWEEN(25,50),RANDBETWEEN(0,59)) -> 0.24497685 | L69: Q | M69: 1004578 | N69: FG00UDI4 | O69: {=_xlfn.IFS(N69="FG2020US1", "Ibuprofen Tablets (100 MG)", N69="FG0001SEG", "Metformin Tablets (100 MG)", N69="FG0002SEG", "Metformin Tablets (200 MG)", N69="FG0003SEG", "Metformin Tablets (500 MG)", N69="FG00UDI4", "Aspirin Tablets (500 MG)")} -> Aspirin Tablets (500 MG) | P69: 4068
A70: 40000002569 | B70: 1010 | C70: 4 | D70: QL040000003169 | E70: =E71 -> 45904 | F70: =TIME(RANDBETWEEN(12,22), RANDBETWEEN(0,59), RANDBETWEEN(0,59)) -> 0.55642361 | G70: TP397880 | H70: =E70 -> 45904 | I70: =F70 -> 0.55642361 | J70: =E70 -> 45904 | K70: =I70+TIME(1,RANDBETWEEN(25,50),RANDBETWEEN(0,59)) -> 0.62538194 | L70: Q | M70: 1004579 | N70: FG0002SEG | O70: {=_xlfn.IFS(N70="FG2020US1", "Ibuprofen Tablets (100 MG)", N70="FG0001SEG", "Metformin Tablets (100 MG)", N70="FG0002SEG", "Metformin Tablets (200 MG)", N70="FG0003SEG", "Metformin Tablets (500 MG)", N70="FG00UDI4", "Aspirin Tablets (500 MG)")} -> Metformin Tablets (200 MG) | P70: 4069
A71: 40000002570 | B71: 1010 | C71: 4 | D71: QL040000003170 | E71: =E72-1 -> 45904 | F71: =TIME(RANDBETWEEN(0,10), RANDBETWEEN(0,59), RANDBETWEEN(0,59)) -> 0.39502315 | G71: GC197258 | H71: =E71 -> 45904 | I71: =F71 -> 0.39502315 | J71: =E71 -> 45904 | K71: =I71+TIME(1,RANDBETWEEN(25,50),RANDBETWEEN(0,59)) -> 0.45805556 | L71: Q | M71: 1004580 | N71: FG0001SEG | O71: {=_xlfn.IFS(N71="FG2020US1", "Ibuprofen Tablets (100 MG)", N71="FG0001SEG", "Metformin Tablets (100 MG)", N71="FG0002SEG", "Metformin Tablets (200 MG)", N71="FG0003SEG", "Metformin Tablets (500 MG)", N71="FG00UDI4", "Aspirin Tablets (500 MG)")} -> Metformin Tablets (100 MG) | P71: 4070
A72: 40000002571 | B72: 1010 | C72: 4 | D72: QL040000003171 | E72: =E73 -> 45905 | F72: =TIME(RANDBETWEEN(12,22), RANDBETWEEN(0,59), RANDBETWEEN(0,59)) -> 0.60326389 | G72: TP397880 | H72: =E72 -> 45905 | I72: =F72 -> 0.60326389 | J72: =E72 -> 45905 | K72: =I72+TIME(1,RANDBETWEEN(25,50),RANDBETWEEN(0,59)) -> 0.66743056 | L72: Q | M72: 1004581 | N72: FG0001SEG | O72: {=_xlfn.IFS(N72="FG2020US1", "Ibuprofen Tablets (100 MG)", N72="FG0001SEG", "Metformin Tablets (100 MG)", N72="FG0002SEG", "Metformin Tablets (200 MG)", N72="FG0003SEG", "Metformin Tablets (500 MG)", N72="FG00UDI4", "Aspirin Tablets (500 MG)")} -> Metformin Tablets (100 MG) | P72: 4071
A73: 40000002572 | B73: 1010 | C73: 4 | D73: QL040000003172 | E73: =E74-1 -> 45905 | F73: =TIME(RANDBETWEEN(0,10), RANDBETWEEN(0,59), RANDBETWEEN(0,59)) -> 0.30318287 | G73: GC197258 | H73: =E73 -> 45905 | I73: =F73 -> 0.30318287 | J73: =E73 -> 45905 | K73: =I73+TIME(1,RANDBETWEEN(25,50),RANDBETWEEN(0,59)) -> 0.37674769 | L73: Q | M73: 1004582 | N73: FG00UDI4 | O73: {=_xlfn.IFS(N73="FG2020US1", "Ibuprofen Tablets (100 MG)", N73="FG0001SEG", "Metformin Tablets (100 MG)", N73="FG0002SEG", "Metformin Tablets (200 MG)", N73="FG0003SEG", "Metformin Tablets (500 MG)", N73="FG00UDI4", "Aspirin Tablets (500 MG)")} -> Aspirin Tablets (500 MG) | P73: 4072
A74: 40000002573 | B74: 1010 | C74: 4 | D74: QL040000003173 | E74: =E75 -> 45906 | F74: =TIME(RANDBETWEEN(12,22), RANDBETWEEN(0,59), RANDBETWEEN(0,59)) -> 0.57326389 | G74: ZK384180 | H74: =E74 -> 45906 | I74: =F74 -> 0.57326389 | J74: =E74 -> 45906 | K74: =I74+TIME(1,RANDBETWEEN(25,50),RANDBETWEEN(0,59)) -> 0.63472222 | L74: Q | M74: 1004583 | N74: FG0002SEG | O74: {=_xlfn.IFS(N74="FG2020US1", "Ibuprofen Tablets (100 MG)", N74="FG0001SEG", "Metformin Tablets (100 MG)", N74="FG0002SEG", "Metformin Tablets (200 MG)", N74="FG0003SEG", "Metformin Tablets (500 MG)", N74="FG00UDI4", "Aspirin Tablets (500 MG)")} -> Metformin Tablets (200 MG) | P74: 4073
A75: 40000002574 | B75: 1010 | C75: 4 | D75: QL040000003174 | E75: =E76-1 -> 45906 | F75: =TIME(RANDBETWEEN(0,10), RANDBETWEEN(0,59), RANDBETWEEN(0,59)) -> 0.20640046 | G75: TG509538 | H75: =E75 -> 45906 | I75: =F75 -> 0.20640046 | J75: =E75 -> 45906 | K75: =I75+TIME(1,RANDBETWEEN(25,50),RANDBETWEEN(0,59)) -> 0.27306713 | L75: Q | M75: 1004584 | N75: FG0003SEG | O75: {=_xlfn.IFS(N75="FG2020US1", "Ibuprofen Tablets (100 MG)", N75="FG0001SEG", "Metformin Tablets (100 MG)", N75="FG0002SEG", "Metformin Tablets (200 MG)", N75="FG0003SEG", "Metformin Tablets (500 MG)", N75="FG00UDI4", "Aspirin Tablets (500 MG)")} -> Metformin Tablets (500 MG) | P75: 4074
A76: 40000002575 | B76: 1010 | C76: 4 | D76: QL040000003175 | E76: =E77 -> 45907 | F76: =TIME(RANDBETWEEN(12,22), RANDBETWEEN(0,59), RANDBETWEEN(0,59)) -> 0.92383102 | G76: AB406550 | H76: =E76 -> 45907 | I76: =F76 -> 0.92383102 | J76: =E76 -> 45907 | K76: =I76+TIME(1,RANDBETWEEN(25,50),RANDBETWEEN(0,59)) -> 0.99716435 | L76: Q | M76: 1004585 | N76: FG0001SEG | O76: {=_xlfn.IFS(N76="FG2020US1", "Ibuprofen Tablets (100 MG)", N76="FG0001SEG", "Metformin Tablets (100 MG)", N76="FG0002SEG", "Metformin Tablets (200 MG)", N76="FG0003SEG", "Metformin Tablets (500 MG)", N76="FG00UDI4", "Aspirin Tablets (500 MG)")} -> Metformin Tablets (100 MG) | P76: 4075
A77: 40000002576 | B77: 1010 | C77: 4 | D77: QL040000003176 | E77: =E78-1 -> 45907 | F77: =TIME(RANDBETWEEN(0,10), RANDBETWEEN(0,59), RANDBETWEEN(0,59)) -> 0.086458333 | G77: TG509538 | H77: =E77 -> 45907 | I77: =F77 -> 0.086458333 | J77: =E77 -> 45907 | K77: =I77+TIME(1,RANDBETWEEN(25,50),RANDBETWEEN(0,59)) -> 0.14957176 | L77: Q | M77: 1004586 | N77: FG00UDI4 | O77: {=_xlfn.IFS(N77="FG2020US1", "Ibuprofen Tablets (100 MG)", N77="FG0001SEG", "Metformin Tablets (100 MG)", N77="FG0002SEG", "Metformin Tablets (200 MG)", N77="FG0003SEG", "Metformin Tablets (500 MG)", N77="FG00UDI4", "Aspirin Tablets (500 MG)")} -> Aspirin Tablets (500 MG) | P77: 4076
A78: 40000002577 | B78: 1010 | C78: 4 | D78: QL040000003177 | E78: =E79 -> 45908 | F78: =TIME(RANDBETWEEN(12,22), RANDBETWEEN(0,59), RANDBETWEEN(0,59)) -> 0.77253472 | G78: ZK384180 | H78: =E78 -> 45908 | I78: =F78 -> 0.77253472 | J78: =E78 -> 45908 | K78: =I78+TIME(1,RANDBETWEEN(25,50),RANDBETWEEN(0,59)) -> 0.83701389 | L78: Q | M78: 1004587 | N78: FG0002SEG | O78: {=_xlfn.IFS(N78="FG2020US1", "Ibuprofen Tablets (100 MG)", N78="FG0001SEG", "Metformin Tablets (100 MG)", N78="FG0002SEG", "Metformin Tablets (200 MG)", N78="FG0003SEG", "Metformin Tablets (500 MG)", N78="FG00UDI4", "Aspirin Tablets (500 MG)")} -> Metformin Tablets (200 MG) | P78: 4077
A79: 40000002578 | B79: 1010 | C79: 4 | D79: QL040000003178 | E79: =E80-1 -> 45908 | F79: =TIME(RANDBETWEEN(0,10), RANDBETWEEN(0,59), RANDBETWEEN(0,59)) -> 0.21364583 | G79: TG509538 | H79: =E79 -> 45908 | I79: =F79 -> 0.21364583 | J79: =E79 -> 45908 | K79: =I79+TIME(1,RANDBETWEEN(25,50),RANDBETWEEN(0,59)) -> 0.28572917 | L79: Q | M79: 1004588 | N79: FG0001SEG | O79: {=_xlfn.IFS(N79="FG2020US1", "Ibuprofen Tablets (100 MG)", N79="FG0001SEG", "Metformin Tablets (100 MG)", N79="FG0002SEG", "Metformin Tablets (200 MG)", N79="FG0003SEG", "Metformin Tablets (500 MG)", N79="FG00UDI4", "Aspirin Tablets (500 MG)")} -> Metformin Tablets (100 MG) | P79: 4078
A80: 40000002579 | B80: 1010 | C80: 4 | D80: QL040000003179 | E80: =E81 -> 45909 | F80: =TIME(RANDBETWEEN(12,22), RANDBETWEEN(0,59), RANDBETWEEN(0,59)) -> 0.63486111 | G80: AB406550 | H80: =E80 -> 45909 | I80: =F80 -> 0.63486111 | J80: =E80 -> 45909 | K80: =I80+TIME(1,RANDBETWEEN(25,50),RANDBETWEEN(0,59)) -> 0.69454861 | L80: Q | M80: 1004589 | N80: FG0002SEG | O80: {=_xlfn.IFS(N80="FG2020US1", "Ibuprofen Tablets (100 MG)", N80="FG0001SEG", "Metformin Tablets (100 MG)", N80="FG0002SEG", "Metformin Tablets (200 MG)", N80="FG0003SEG", "Metformin Tablets (500 MG)", N80="FG00UDI4", "Aspirin Tablets (500 MG)")} -> Metformin Tablets (200 MG) | P80: 4079
A81: 40000002580 | B81: 1010 | C81: 4 | D81: QL040000003180 | E81: =E82-1 -> 45909 | F81: =TIME(RANDBETWEEN(0,10), RANDBETWEEN(0,59), RANDBETWEEN(0,59)) -> 0.043738426 | G81: GC197258 | H81: =E81 -> 45909 | I81: =F81 -> 0.043738426 | J81: =E81 -> 45909 | K81: =I81+TIME(1,RANDBETWEEN(25,50),RANDBETWEEN(0,59)) -> 0.11928241 | L81: Q | M81: 1004590 | N81: FG0003SEG | O81: {=_xlfn.IFS(N81="FG2020US1", "Ibuprofen Tablets (100 MG)", N81="FG0001SEG", "Metformin Tablets (100 MG)", N81="FG0002SEG", "Metformin Tablets (200 MG)", N81="FG0003SEG", "Metformin Tablets (500 MG)", N81="FG00UDI4", "Aspirin Tablets (500 MG)")} -> Metformin Tablets (500 MG) | P81: 4080
A82: 40000002581 | B82: 1010 | C82: 4 | D82: QL040000003181 | E82: =E83 -> 45910 | F82: =TIME(RANDBETWEEN(12,22), RANDBETWEEN(0,59), RANDBETWEEN(0,59)) -> 0.6384838 | G82: TP397880 | H82: =E82 -> 45910 | I82: =F82 -> 0.6384838 | J82: =E82 -> 45910 | K82: =I82+TIME(1,RANDBETWEEN(25,50),RANDBETWEEN(0,59)) -> 0.70761574 | L82: Q | M82: 1004591 | N82: FG2020US1 | O82: {=_xlfn.IFS(N82="FG2020US1", "Ibuprofen Tablets (100 MG)", N82="FG0001SEG", "Metformin Tablets (100 MG)", N82="FG0002SEG", "Metformin Tablets (200 MG)", N82="FG0003SEG", "Metformin Tablets (500 MG)", N82="FG00UDI4", "Aspirin Tablets (500 MG)")} -> Ibuprofen Tablets (100 MG) | P82: 4081
A83: 40000002582 | B83: 1010 | C83: 4 | D83: QL040000003182 | E83: =E84-1 -> 45910 | F83: =TIME(RANDBETWEEN(0,10), RANDBETWEEN(0,59), RANDBETWEEN(0,59)) -> 0.35917824 | G83: GC197258 | H83: =E83 -> 45910 | I83: =F83 -> 0.35917824 | J83: =E83 -> 45910 | K83: =I83+TIME(1,RANDBETWEEN(25,50),RANDBETWEEN(0,59)) -> 0.42111111 | L83: Q | M83: 1004592 | N83: FG0001SEG | O83: {=_xlfn.IFS(N83="FG2020US1", "Ibuprofen Tablets (100 MG)", N83="FG0001SEG", "Metformin Tablets (100 MG)", N83="FG0002SEG", "Metformin Tablets (200 MG)", N83="FG0003SEG", "Metformin Tablets (500 MG)", N83="FG00UDI4", "Aspirin Tablets (500 MG)")} -> Metformin Tablets (100 MG) | P83: 4082
A84: 40000002583 | B84: 1010 | C84: 4 | D84: QL040000003183 | E84: =E85 -> 45911 | F84: =TIME(RANDBETWEEN(12,22), RANDBETWEEN(0,59), RANDBETWEEN(0,59)) -> 0.51527778 | G84: ZK384180 | H84: =E84 -> 45911 | I84: =F84 -> 0.51527778 | J84: =E84 -> 45911 | K84: =I84+TIME(1,RANDBETWEEN(25,50),RANDBETWEEN(0,59)) -> 0.58943287 | L84: Q | M84: 1004593 | N84: FG0002SEG | O84: {=_xlfn.IFS(N84="FG2020US1", "Ibuprofen Tablets (100 MG)", N84="FG0001SEG", "Metformin Tablets (100 MG)", N84="FG0002SEG", "Metformin Tablets (200 MG)", N84="FG0003SEG", "Metformin Tablets (500 MG)", N84="FG00UDI4", "Aspirin Tablets (500 MG)")} -> Metformin Tablets (200 MG) | P84: 4083
A85: 40000002584 | B85: 1010 | C85: 4 | D85: QL040000003184 | E85: =E86-1 -> 45911 | F85: =TIME(RANDBETWEEN(0,10), RANDBETWEEN(0,59), RANDBETWEEN(0,59)) -> 0.17471065 | G85: YA284176 | H85: =E85 -> 45911 | I85: =F85 -> 0.17471065 | J85: =E85 -> 45911 | K85: =I85+TIME(1,RANDBETWEEN(25,50),RANDBETWEEN(0,59)) -> 0.24431713 | L85: Q | M85: 1004594 | N85: FG2020US1 | O85: {=_xlfn.IFS(N85="FG2020US1", "Ibuprofen Tablets (100 MG)", N85="FG0001SEG", "Metformin Tablets (100 MG)", N85="FG0002SEG", "Metformin Tablets (200 MG)", N85="FG0003SEG", "Metformin Tablets (500 MG)", N85="FG00UDI4", "Aspirin Tablets (500 MG)")} -> Ibuprofen Tablets (100 MG) | P85: 4084
A86: 40000002585 | B86: 1010 | C86: 4 | D86: QL040000003185 | E86: =E87 -> 45912 | F86: =TIME(RANDBETWEEN(12,22), RANDBETWEEN(0,59), RANDBETWEEN(0,59)) -> 0.58859954 | G86: AB406550 | H86: =E86 -> 45912 | I86: =F86 -> 0.58859954 | J86: =E86 -> 45912 | K86: =I86+TIME(1,RANDBETWEEN(25,50),RANDBETWEEN(0,59)) -> 0.6550463 | L86: Q | M86: 1004595 | N86: FG2020US1 | O86: {=_xlfn.IFS(N86="FG2020US1", "Ibuprofen Tablets (100 MG)", N86="FG0001SEG", "Metformin Tablets (100 MG)", N86="FG0002SEG", "Metformin Tablets (200 MG)", N86="FG0003SEG", "Metformin Tablets (500 MG)", N86="FG00UDI4", "Aspirin Tablets (500 MG)")} -> Ibuprofen Tablets (100 MG) | P86: 4085
A87: 40000002586 | B87: 1010 | C87: 4 | D87: QL040000003186 | E87: =E88-1 -> 45912 | F87: =TIME(RANDBETWEEN(0,10), RANDBETWEEN(0,59), RANDBETWEEN(0,59)) -> 0.18231481 | G87: YA284176 | H87: =E87 -> 45912 | I87: =F87 -> 0.18231481 | J87: =E87 -> 45912 | K87: =I87+TIME(1,RANDBETWEEN(25,50),RANDBETWEEN(0,59)) -> 0.25320602 | L87: Q | M87: 1004596 | N87: FG0003SEG | O87: {=_xlfn.IFS(N87="FG2020US1", "Ibuprofen Tablets (100 MG)", N87="FG0001SEG", "Metformin Tablets (100 MG)", N87="FG0002SEG", "Metformin Tablets (200 MG)", N87="FG0003SEG", "Metformin Tablets (500 MG)", N87="FG00UDI4", "Aspirin Tablets (500 MG)")} -> Metformin Tablets (500 MG) | P87: 4086
A88: 40000002587 | B88: 1010 | C88: 4 | D88: QL040000003187 | E88: =E89 -> 45913 | F88: =TIME(RANDBETWEEN(12,22), RANDBETWEEN(0,59), RANDBETWEEN(0,59)) -> 0.55945602 | G88: AB406550 | H88: =E88 -> 45913 | I88: =F88 -> 0.55945602 | J88: =E88 -> 45913 | K88: =I88+TIME(1,RANDBETWEEN(25,50),RANDBETWEEN(0,59)) -> 0.63559028 | L88: Q | M88: 1004597 | N88: FG00UDI4 | O88: {=_xlfn.IFS(N88="FG2020US1", "Ibuprofen Tablets (100 MG)", N88="FG0001SEG", "Metformin Tablets (100 MG)", N88="FG0002SEG", "Metformin Tablets (200 MG)", N88="FG0003SEG", "Metformin Tablets (500 MG)", N88="FG00UDI4", "Aspirin Tablets (500 MG)")} -> Aspirin Tablets (500 MG) | P88: 4087
A89: 40000002588 | B89: 1010 | C89: 4 | D89: QL040000003188 | E89: =E90-1 -> 45913 | F89: =TIME(RANDBETWEEN(0,10), RANDBETWEEN(0,59), RANDBETWEEN(0,59)) -> 0.21681713 | G89: YA284176 | H89: =E89 -> 45913 | I89: =F89 -> 0.21681713 | J89: =E89 -> 45913 | K89: =I89+TIME(1,RANDBETWEEN(25,50),RANDBETWEEN(0,59)) -> 0.27997685 | L89: Q | M89: 1004598 | N89: FG0003SEG | O89: {=_xlfn.IFS(N89="FG2020US1", "Ibuprofen Tablets (100 MG)", N89="FG0001SEG", "Metformin Tablets (100 MG)", N89="FG0002SEG", "Metformin Tablets (200 MG)", N89="FG0003SEG", "Metformin Tablets (500 MG)", N89="FG00UDI4", "Aspirin Tablets (500 MG)")} -> Metformin Tablets (500 MG) | P89: 4088
A90: 40000002589 | B90: 1010 | C90: 4 | D90: QL040000003189 | E90: =E91 -> 45914 | F90: =TIME(RANDBETWEEN(12,22), RANDBETWEEN(0,59), RANDBETWEEN(0,59)) -> 0.87849537 | G90: TP397880 | H90: =E90 -> 45914 | I90: =F90 -> 0.87849537 | J90: =E90 -> 45914 | K90: =I90+TIME(1,RANDBETWEEN(25,50),RANDBETWEEN(0,59)) -> 0.95231481 | L90: Q | M90: 1004599 | N90: FG00UDI4 | O90: {=_xlfn.IFS(N90="FG2020US1", "Ibuprofen Tablets (100 MG)", N90="FG0001SEG", "Metformin Tablets (100 MG)", N90="FG0002SEG", "Metformin Tablets (200 MG)", N90="FG0003SEG", "Metformin Tablets (500 MG)", N90="FG00UDI4", "Aspirin Tablets (500 MG)")} -> Aspirin Tablets (500 MG) | P90: 4089
A91: 40000002590 | B91: 1010 | C91: 4 | D91: QL040000003190 | E91: =E92-1 -> 45914 | F91: =TIME(RANDBETWEEN(0,10), RANDBETWEEN(0,59), RANDBETWEEN(0,59)) -> 0.085844907 | G91: TG509538 | H91: =E91 -> 45914 | I91: =F91 -> 0.085844907 | J91: =E91 -> 45914 | K91: =I91+TIME(1,RANDBETWEEN(25,50),RANDBETWEEN(0,59)) -> 0.15083333 | L91: Q | M91: 1004600 | N91: FG0001SEG | O91: {=_xlfn.IFS(N91="FG2020US1", "Ibuprofen Tablets (100 MG)", N91="FG0001SEG", "Metformin Tablets (100 MG)", N91="FG0002SEG", "Metformin Tablets (200 MG)", N91="FG0003SEG", "Metformin Tablets (500 MG)", N91="FG00UDI4", "Aspirin Tablets (500 MG)")} -> Metformin Tablets (100 MG) | P91: 4090
A92: 40000002591 | B92: 1010 | C92: 4 | D92: QL040000003191 | E92: =E93 -> 45915 | F92: =TIME(RANDBETWEEN(12,22), RANDBETWEEN(0,59), RANDBETWEEN(0,59)) -> 0.5241088 | G92: ZK384180 | H92: =E92 -> 45915 | I92: =F92 -> 0.5241088 | J92: =E92 -> 45915 | K92: =I92+TIME(1,RANDBETWEEN(25,50),RANDBETWEEN(0,59)) -> 0.59011574 | L92: Q | M92: 1004601 | N92: FG00UDI4 | O92: {=_xlfn.IFS(N92="FG2020US1", "Ibuprofen Tablets (100 MG)", N92="FG0001SEG", "Metformin Tablets (100 MG)", N92="FG0002SEG", "Metformin Tablets (200 MG)", N92="FG0003SEG", "Metformin Tablets (500 MG)", N92="FG00UDI4", "Aspirin Tablets (500 MG)")} -> Aspirin Tablets (500 MG) | P92: 4091
A93: 40000002592 | B93: 1010 | C93: 4 | D93: QL040000003192 | E93: =E94-1 -> 45915 | F93: =TIME(RANDBETWEEN(0,10), RANDBETWEEN(0,59), RANDBETWEEN(0,59)) -> 0.43228009 | G93: TG509538 | H93: =E93 -> 45915 | I93: =F93 -> 0.43228009 | J93: =E93 -> 45915 | K93: =I93+TIME(1,RANDBETWEEN(25,50),RANDBETWEEN(0,59)) -> 0.49585648 | L93: Q | M93: 1004602 | N93: FG0002SEG | O93: {=_xlfn.IFS(N93="FG2020US1", "Ibuprofen Tablets (100 MG)", N93="FG0001SEG", "Metformin Tablets (100 MG)", N93="FG0002SEG", "Metformin Tablets (200 MG)", N93="FG0003SEG", "Metformin Tablets (500 MG)", N93="FG00UDI4", "Aspirin Tablets (500 MG)")} -> Metformin Tablets (200 MG) | P93: 4092
A94: 40000002593 | B94: 1010 | C94: 4 | D94: QL040000003193 | E94: =E95 -> 45916 | F94: =TIME(RANDBETWEEN(12,22), RANDBETWEEN(0,59), RANDBETWEEN(0,59)) -> 0.87511574 | G94: TP397880 | H94: =E94 -> 45916 | I94: =F94 -> 0.87511574 | J94: =E94 -> 45916 | K94: =I94+TIME(1,RANDBETWEEN(25,50),RANDBETWEEN(0,59)) -> 0.9425 | L94: Q | M94: 1004603 | N94: FG0003SEG | O94: {=_xlfn.IFS(N94="FG2020US1", "Ibuprofen Tablets (100 MG)", N94="FG0001SEG", "Metformin Tablets (100 MG)", N94="FG0002SEG", "Metformin Tablets (200 MG)", N94="FG0003SEG", "Metformin Tablets (500 MG)", N94="FG00UDI4", "Aspirin Tablets (500 MG)")} -> Metformin Tablets (500 MG) | P94: 4093
A95: 40000002594 | B95: 1010 | C95: 4 | D95: QL040000003194 | E95: =E96-1 -> 45916 | F95: =TIME(RANDBETWEEN(0,10), RANDBETWEEN(0,59), RANDBETWEEN(0,59)) -> 0.45229167 | G95: YA284176 | H95: =E95 -> 45916 | I95: =F95 -> 0.45229167 | J95: =E95 -> 45916 | K95: =I95+TIME(1,RANDBETWEEN(25,50),RANDBETWEEN(0,59)) -> 0.5202662 | L95: Q | M95: 1004604 | N95: FG2020US1 | O95: {=_xlfn.IFS(N95="FG2020US1", "Ibuprofen Tablets (100 MG)", N95="FG0001SEG", "Metformin Tablets (100 MG)", N95="FG0002SEG", "Metformin Tablets (200 MG)", N95="FG0003SEG", "Metformin Tablets (500 MG)", N95="FG00UDI4", "Aspirin Tablets (500 MG)")} -> Ibuprofen Tablets (100 MG) | P95: 4094
A96: 40000002595 | B96: 1010 | C96: 4 | D96: QL040000003195 | E96: =E97 -> 45917 | F96: =TIME(RANDBETWEEN(12,22), RANDBETWEEN(0,59), RANDBETWEEN(0,59)) -> 0.60950231 | G96: AB406550 | H96: =E96 -> 45917 | I96: =F96 -> 0.60950231 | J96: =E96 -> 45917 | K96: =I96+TIME(1,RANDBETWEEN(25,50),RANDBETWEEN(0,59)) -> 0.67640046 | L96: Q | M96: 1004605 | N96: FG0002SEG | O96: {=_xlfn.IFS(N96="FG2020US1", "Ibuprofen Tablets (100 MG)", N96="FG0001SEG", "Metformin Tablets (100 MG)", N96="FG0002SEG", "Metformin Tablets (200 MG)", N96="FG0003SEG", "Metformin Tablets (500 MG)", N96="FG00UDI4", "Aspirin Tablets (500 MG)")} -> Metformin Tablets (200 MG) | P96: 4095
A97: 40000002596 | B97: 1010 | C97: 4 | D97: QL040000003196 | E97: =E98-1 -> 45917 | F97: =TIME(RANDBETWEEN(0,10), RANDBETWEEN(0,59), RANDBETWEEN(0,59)) -> 0.24616898 | G97: GC197258 | H97: =E97 -> 45917 | I97: =F97 -> 0.24616898 | J97: =E97 -> 45917 | K97: =I97+TIME(1,RANDBETWEEN(25,50),RANDBETWEEN(0,59)) -> 0.30666667 | L97: Q | M97: 1004606 | N97: FG2020US1 | O97: {=_xlfn.IFS(N97="FG2020US1", "Ibuprofen Tablets (100 MG)", N97="FG0001SEG", "Metformin Tablets (100 MG)", N97="FG0002SEG", "Metformin Tablets (200 MG)", N97="FG0003SEG", "Metformin Tablets (500 MG)", N97="FG00UDI4", "Aspirin Tablets (500 MG)")} -> Ibuprofen Tablets (100 MG) | P97: 4096
A98: 40000002597 | B98: 1010 | C98: 4 | D98: QL040000003197 | E98: =E99 -> 45918 | F98: =TIME(RANDBETWEEN(12,22), RANDBETWEEN(0,59), RANDBETWEEN(0,59)) -> 0.72611111 | G98: TP397880 | H98: =E98 -> 45918 | I98: =F98 -> 0.72611111 | J98: =E98 -> 45918 | K98: =I98+TIME(1,RANDBETWEEN(25,50),RANDBETWEEN(0,59)) -> 0.788125 | L98: Q | M98: 1004607 | N98: FG0002SEG | O98: {=_xlfn.IFS(N98="FG2020US1", "Ibuprofen Tablets (100 MG)", N98="FG0001SEG", "Metformin Tablets (100 MG)", N98="FG0002SEG", "Metformin Tablets (200 MG)", N98="FG0003SEG", "Metformin Tablets (500 MG)", N98="FG00UDI4", "Aspirin Tablets (500 MG)")} -> Metformin Tablets (200 MG) | P98: 4097
A99: 40000002598 | B99: 1010 | C99: 4 | D99: QL040000003198 | E99: =E100-1 -> 45918 | F99: =TIME(RANDBETWEEN(0,10), RANDBETWEEN(0,59), RANDBETWEEN(0,59)) -> 0.24635417 | G99: TG509538 | H99: =E99 -> 45918 | I99: =F99 -> 0.24635417 | J99: =E99 -> 45918 | K99: =I99+TIME(1,RANDBETWEEN(25,50),RANDBETWEEN(0,59)) -> 0.31336806 | L99: Q | M99: 1004608 | N99: FG0003SEG | O99: {=_xlfn.IFS(N99="FG2020US1", "Ibuprofen Tablets (100 MG)", N99="FG0001SEG", "Metformin Tablets (100 MG)", N99="FG0002SEG", "Metformin Tablets (200 MG)", N99="FG0003SEG", "Metformin Tablets (500 MG)", N99="FG00UDI4", "Aspirin Tablets (500 MG)")} -> Metformin Tablets (500 MG) | P99: 4098
A100: 40000002599 | B100: 1010 | C100: 4 | D100: QL040000003199 | E100: =E101 -> 45919 | F100: =TIME(RANDBETWEEN(12,22), RANDBETWEEN(0,59), RANDBETWEEN(0,59)) -> 0.52453704 | G100: ZK384180 | H100: =E100 -> 45919 | I100: =F100 -> 0.52453704 | J100: =E100 -> 45919 | K100: =I100+TIME(1,RANDBETWEEN(25,50),RANDBETWEEN(0,59)) -> 0.60125 | L100: Q | M100: 1004609 | N100: FG0001SEG | O100: {=_xlfn.IFS(N100="FG2020US1", "Ibuprofen Tablets (100 MG)", N100="FG0001SEG", "Metformin Tablets (100 MG)", N100="FG0002SEG", "Metformin Tablets (200 MG)", N100="FG0003SEG", "Metformin Tablets (500 MG)", N100="FG00UDI4", "Aspirin Tablets (500 MG)")} -> Metformin Tablets (100 MG) | P100: 4099
...

Sheet QAMR - Characteristic Recording
A1: InspectionLot | B1: NodeNo | C1: ProductDescription | D1: CharacteristicCode | E1: CharacteristicDesc | F1: CreatedBy | G1: CreatedOn | H1: Valuation | I1: Inspector | J1: StartDate | K1: StartTime | L1: EndDate | M1: EndTime | N1: Qualitative | O1: Quantative | P1: MinValue | Q1: MaxValue
A2: 40000002501 | B2: 1 | C2: =LOOKUP(A2,'QALS - Inspection Lot Record'!$A$2:$A$361,'QALS - Inspection Lot Record'!$O$2:$O$361) -> Metformin Tablets (100 MG) | D2: 10 | E2: Potency | F2: =LOOKUP(A2,'QALS - Inspection Lot Record'!A:A,'QALS - Inspection Lot Record'!G:G) -> TP397880 | G2: =LOOKUP(A2,'QALS - Inspection Lot Record'!A:A,'QALS - Inspection Lot Record'!E:E) -> 45870 | H2: =IF(AND(P2<=O2,O2<=Q2),"A","R") -> R | I2: =F2 -> TP397880 | J2: =G2 -> 45870 | K2: =LOOKUP(A2,'QALS - Inspection Lot Record'!A:A,'QALS - Inspection Lot Record'!I:I) -> 0.69314815 | L2: =G2 -> 45870 | M2: =K2+TIME(0,RANDBETWEEN(25,50),RANDBETWEEN(0,59)) -> 0.72212963 | O2: 93.5 | P2: 95 | Q2: 102
A3: 40000002501 | B3: 1 | C3: =LOOKUP(A3,'QALS - Inspection Lot Record'!$A$2:$A$361,'QALS - Inspection Lot Record'!$O$2:$O$361) -> Metformin Tablets (100 MG) | D3: 20 | E3: PH Level | F3: =LOOKUP(A3,'QALS - Inspection Lot Record'!A:A,'QALS - Inspection Lot Record'!G:G) -> TP397880 | G3: =LOOKUP(A3,'QALS - Inspection Lot Record'!A:A,'QALS - Inspection Lot Record'!E:E) -> 45870 | H3: =IF(AND(P3<=O3,O3<=Q3),"A","R") -> R | I3: =F3 -> TP397880 | J3: =G3 -> 45870 | K3: =LOOKUP(A3,'QALS - Inspection Lot Record'!A:A,'QALS - Inspection Lot Record'!I:I) -> 0.69314815 | L3: =G3 -> 45870 | M3: =K3+TIME(0,RANDBETWEEN(25,50),RANDBETWEEN(0,59)) -> 0.72787037 | O3: 1.7 | P3: 3.5 | Q3: 11
A4: 40000002501 | B4: 1 | C4: =LOOKUP(A4,'QALS - Inspection Lot Record'!$A$2:$A$361,'QALS - Inspection Lot Record'!$O$2:$O$361) -> Metformin Tablets (100 MG) | D4: 30 | E4: Appearance | F4: =LOOKUP(A4,'QALS - Inspection Lot Record'!A:A,'QALS - Inspection Lot Record'!G:G) -> TP397880 | G4: =LOOKUP(A4,'QALS - Inspection Lot Record'!A:A,'QALS - Inspection Lot Record'!E:E) -> 45870 | H4: =IF(AND(P4<=O4,O4<=Q4),"A","R") -> A | I4: =F4 -> TP397880 | J4: =G4 -> 45870 | K4: =LOOKUP(A4,'QALS - Inspection Lot Record'!A:A,'QALS - Inspection Lot Record'!I:I) -> 0.69314815 | L4: =G4 -> 45870 | M4: =K4+TIME(0,RANDBETWEEN(25,50),RANDBETWEEN(0,59)) -> 0.71266204 | N4: Complies
A5: 40000002501 | B5: 1 | C5: =LOOKUP(A5,'QALS - Inspection Lot Record'!$A$2:$A$361,'QALS - Inspection Lot Record'!$O$2:$O$361) -> Metformin Tablets (100 MG) | D5: 40 | E5: Impurities | F5: =LOOKUP(A5,'QALS - Inspection Lot Record'!A:A,'QALS - Inspection Lot Record'!G:G) -> TP397880 | G5: =LOOKUP(A5,'QALS - Inspection Lot Record'!A:A,'QALS - Inspection Lot Record'!E:E) -> 45870 | H5: =IF(AND(P5<=O5,O5<=Q5),"A","R") -> A | I5: =F5 -> TP397880 | J5: =G5 -> 45870 | K5: =LOOKUP(A5,'QALS - Inspection Lot Record'!A:A,'QALS - Inspection Lot Record'!I:I) -> 0.69314815 | L5: =G5 -> 45870 | M5: =K5+TIME(0,RANDBETWEEN(25,50),RANDBETWEEN(0,59)) -> 0.72487269 | O5: 0 | P5: 0 | Q5: 1
A6: 40000002501 | B6: 1 | C6: =LOOKUP(A6,'QALS - Inspection Lot Record'!$A$2:$A$361,'QALS - Inspection Lot Record'!$O$2:$O$361) -> Metformin Tablets (100 MG) | D6: 50 | E6: Dissolution Rate - 15 Mins | F6: =LOOKUP(A6,'QALS - Inspection Lot Record'!A:A,'QALS - Inspection Lot Record'!G:G) -> TP397880 | G6: =LOOKUP(A6,'QALS - Inspection Lot Record'!A:A,'QALS - Inspection Lot Record'!E:E) -> 45870 | H6: =IF(AND(P6<=O6,O6<=Q6),"A","R") -> A | I6: =F6 -> TP397880 | J6: =G6 -> 45870 | K6: =LOOKUP(A6,'QALS - Inspection Lot Record'!A:A,'QALS - Inspection Lot Record'!I:I) -> 0.69314815 | L6: =G6 -> 45870 | M6: =K6+TIME(0,RANDBETWEEN(25,50),RANDBETWEEN(0,59)) -> 0.71646991 | O6: 50 | P6: 40 | Q6: 60
A7: 40000002501 | B7: 1 | C7: =LOOKUP(A7,'QALS - Inspection Lot Record'!$A$2:$A$361,'QALS - Inspection Lot Record'!$O$2:$O$361) -> Metformin Tablets (100 MG) | D7: 60 | E7: Dissolution Rate - 30 Mins | F7: =LOOKUP(A7,'QALS - Inspection Lot Record'!A:A,'QALS - Inspection Lot Record'!G:G) -> TP397880 | G7: =LOOKUP(A7,'QALS - Inspection Lot Record'!A:A,'QALS - Inspection Lot Record'!E:E) -> 45870 | H7: =IF(AND(P7<=O7,O7<=Q7),"A","R") -> A | I7: =F7 -> TP397880 | J7: =G7 -> 45870 | K7: =LOOKUP(A7,'QALS - Inspection Lot Record'!A:A,'QALS - Inspection Lot Record'!I:I) -> 0.69314815 | L7: =G7 -> 45870 | M7: =K7+TIME(0,RANDBETWEEN(25,50),RANDBETWEEN(0,59)) -> 0.72085648 | O7: 77.5 | P7: 70 | Q7: 85
A8: 40000002501 | B8: 1 | C8: =LOOKUP(A8,'QALS - Inspection Lot Record'!$A$2:$A$361,'QALS - Inspection Lot Record'!$O$2:$O$361) -> Metformin Tablets (100 MG) | D8: 70 | E8: Dissolution Rate - 40 Mins | F8: =LOOKUP(A8,'QALS - Inspection Lot Record'!A:A,'QALS - Inspection Lot Record'!G:G) -> TP397880 | G8: =LOOKUP(A8,'QALS - Inspection Lot Record'!A:A,'QALS - Inspection Lot Record'!E:E) -> 45870 | H8: =IF(AND(P8<=O8,O8<=Q8),"A","R") -> A | I8: =F8 -> TP397880 | J8: =G8 -> 45870 | K8: =LOOKUP(A8,'QALS - Inspection Lot Record'!A:A,'QALS - Inspection Lot Record'!I:I) -> 0.69314815 | L8: =G8 -> 45870 | M8: =K8+TIME(0,RANDBETWEEN(25,50),RANDBETWEEN(0,59)) -> 0.72561343 | O8: 85 | P8: 80 | Q8: 90
A9: 40000002501 | B9: 1 | C9: =LOOKUP(A9,'QALS - Inspection Lot Record'!$A$2:$A$361,'QALS - Inspection Lot Record'!$O$2:$O$361) -> Metformin Tablets (100 MG) | D9: 80 | E9: Process Temp | F9: =LOOKUP(A9,'QALS - Inspection Lot Record'!A:A,'QALS - Inspection Lot Record'!G:G) -> TP397880 | G9: =LOOKUP(A9,'QALS - Inspection Lot Record'!A:A,'QALS - Inspection Lot Record'!E:E) -> 45870 | H9: =IF(AND(P9<=O9,O9<=Q9),"A","R") -> A | I9: =F9 -> TP397880 | J9: =G9 -> 45870 | K9: =LOOKUP(A9,'QALS - Inspection Lot Record'!A:A,'QALS - Inspection Lot Record'!I:I) -> 0.69314815 | L9: =G9 -> 45870 | M9: =K9+TIME(0,RANDBETWEEN(25,50),RANDBETWEEN(0,59)) -> 0.7149537 | O9: 24 | P9: 23 | Q9: 25
A10: 40000002502 | B10: 1 | C10: =LOOKUP(A10,'QALS - Inspection Lot Record'!$A$2:$A$361,'QALS - Inspection Lot Record'!$O$2:$O$361) -> Ibuprofen Tablets (100 MG) | D10: 10 | E10: Potency | F10: =LOOKUP(A10,'QALS - Inspection Lot Record'!A:A,'QALS - Inspection Lot Record'!G:G) -> YA284176 | G10: =LOOKUP(A10,'QALS - Inspection Lot Record'!A:A,'QALS - Inspection Lot Record'!E:E) -> 45870 | H10: =IF(AND(P10<=O10,O10<=Q10),"A","R") -> R | I10: =F10 -> YA284176 | J10: =G10 -> 45870 | K10: =LOOKUP(A10,'QALS - Inspection Lot Record'!A:A,'QALS - Inspection Lot Record'!I:I) -> 0.098055556 | L10: =G10 -> 45870 | M10: =K10+TIME(0,RANDBETWEEN(25,50),RANDBETWEEN(0,59)) -> 0.12420139 | O10: 94 | P10: 95 | Q10: 102
A11: 40000002502 | B11: 1 | C11: =LOOKUP(A11,'QALS - Inspection Lot Record'!$A$2:$A$361,'QALS - Inspection Lot Record'!$O$2:$O$361) -> Ibuprofen Tablets (100 MG) | D11: 20 | E11: PH Level | F11: =LOOKUP(A11,'QALS - Inspection Lot Record'!A:A,'QALS - Inspection Lot Record'!G:G) -> YA284176 | G11: =LOOKUP(A11,'QALS - Inspection Lot Record'!A:A,'QALS - Inspection Lot Record'!E:E) -> 45870 | H11: =IF(AND(P11<=O11,O11<=Q11),"A","R") -> A | I11: =F11 -> YA284176 | J11: =G11 -> 45870 | K11: =LOOKUP(A11,'QALS - Inspection Lot Record'!A:A,'QALS - Inspection Lot Record'!I:I) -> 0.098055556 | L11: =G11 -> 45870 | M11: =K11+TIME(0,RANDBETWEEN(25,50),RANDBETWEEN(0,59)) -> 0.12679398 | O11: 7.25 | P11: 3.5 | Q11: 11
A12: 40000002502 | B12: 1 | C12: =LOOKUP(A12,'QALS - Inspection Lot Record'!$A$2:$A$361,'QALS - Inspection Lot Record'!$O$2:$O$361) -> Ibuprofen Tablets (100 MG) | D12: 30 | E12: Appearance | F12: =LOOKUP(A12,'QALS - Inspection Lot Record'!A:A,'QALS - Inspection Lot Record'!G:G) -> YA284176 | G12: =LOOKUP(A12,'QALS - Inspection Lot Record'!A:A,'QALS - Inspection Lot Record'!E:E) -> 45870 | H12: =IF(AND(P12<=O12,O12<=Q12),"A","R") -> A | I12: =F12 -> YA284176 | J12: =G12 -> 45870 | K12: =LOOKUP(A12,'QALS - Inspection Lot Record'!A:A,'QALS - Inspection Lot Record'!I:I) -> 0.098055556 | L12: =G12 -> 45870 | M12: =K12+TIME(0,RANDBETWEEN(25,50),RANDBETWEEN(0,59)) -> 0.13340278 | N12: Complies
A13: 40000002502 | B13: 1 | C13: =LOOKUP(A13,'QALS - Inspection Lot Record'!$A$2:$A$361,'QALS - Inspection Lot Record'!$O$2:$O$361) -> Ibuprofen Tablets (100 MG) | D13: 40 | E13: Impurities | F13: =LOOKUP(A13,'QALS - Inspection Lot Record'!A:A,'QALS - Inspection Lot Record'!G:G) -> YA284176 | G13: =LOOKUP(A13,'QALS - Inspection Lot Record'!A:A,'QALS - Inspection Lot Record'!E:E) -> 45870 | H13: =IF(AND(P13<=O13,O13<=Q13),"A","R") -> A | I13: =F13 -> YA284176 | J13: =G13 -> 45870 | K13: =LOOKUP(A13,'QALS - Inspection Lot Record'!A:A,'QALS - Inspection Lot Record'!I:I) -> 0.098055556 | L13: =G13 -> 45870 | M13: =K13+TIME(0,RANDBETWEEN(25,50),RANDBETWEEN(0,59)) -> 0.12561343 | O13: 0 | P13: 0 | Q13: 1
A14: 40000002502 | B14: 1 | C14: =LOOKUP(A14,'QALS - Inspection Lot Record'!$A$2:$A$361,'QALS - Inspection Lot Record'!$O$2:$O$361) -> Ibuprofen Tablets (100 MG) | D14: 50 | E14: Dissolution Rate - 15 Mins | F14: =LOOKUP(A14,'QALS - Inspection Lot Record'!A:A,'QALS - Inspection Lot Record'!G:G) -> YA284176 | G14: =LOOKUP(A14,'QALS - Inspection Lot Record'!A:A,'QALS - Inspection Lot Record'!E:E) -> 45870 | H14: =IF(AND(P14<=O14,O14<=Q14),"A","R") -> A | I14: =F14 -> YA284176 | J14: =G14 -> 45870 | K14: =LOOKUP(A14,'QALS - Inspection Lot Record'!A:A,'QALS - Inspection Lot Record'!I:I) -> 0.098055556 | L14: =G14 -> 45870 | M14: =K14+TIME(0,RANDBETWEEN(25,50),RANDBETWEEN(0,59)) -> 0.12502315 | O14: 50 | P14: 40 | Q14: 60
A15: 40000002502 | B15: 1 | C15: =LOOKUP(A15,'QALS - Inspection Lot Record'!$A$2:$A$361,'QALS - Inspection Lot Record'!$O$2:$O$361) -> Ibuprofen Tablets (100 MG) | D15: 60 | E15: Dissolution Rate - 30 Mins | F15: =LOOKUP(A15,'QALS - Inspection Lot Record'!A:A,'QALS - Inspection Lot Record'!G:G) -> YA284176 | G15: =LOOKUP(A15,'QALS - Inspection Lot Record'!A:A,'QALS - Inspection Lot Record'!E:E) -> 45870 | H15: =IF(AND(P15<=O15,O15<=Q15),"A","R") -> A | I15: =F15 -> YA284176 | J15: =G15 -> 45870 | K15: =LOOKUP(A15,'QALS - Inspection Lot Record'!A:A,'QALS - Inspection Lot Record'!I:I) -> 0.098055556 | L15: =G15 -> 45870 | M15: =K15+TIME(0,RANDBETWEEN(25,50),RANDBETWEEN(0,59)) -> 0.12506944 | O15: 77.5 | P15: 70 | Q15: 85
A16: 40000002502 | B16: 1 | C16: =LOOKUP(A16,'QALS - Inspection Lot Record'!$A$2:$A$361,'QALS - Inspection Lot Record'!$O$2:$O$361) -> Ibuprofen Tablets (100 MG) | D16: 70 | E16: Dissolution Rate - 40 Mins | F16: =LOOKUP(A16,'QALS - Inspection Lot Record'!A:A,'QALS - Inspection Lot Record'!G:G) -> YA284176 | G16: =LOOKUP(A16,'QALS - Inspection Lot Record'!A:A,'QALS - Inspection Lot Record'!E:E) -> 45870 | H16: =IF(AND(P16<=O16,O16<=Q16),"A","R") -> A | I16: =F16 -> YA284176 | J16: =G16 -> 45870 | K16: =LOOKUP(A16,'QALS - Inspection Lot Record'!A:A,'QALS - Inspection Lot Record'!I:I) -> 0.098055556 | L16: =G16 -> 45870 | M16: =K16+TIME(0,RANDBETWEEN(25,50),RANDBETWEEN(0,59)) -> 0.11913194 | O16: 85 | P16: 80 | Q16: 90
A17: 40000002502 | B17: 1 | C17: =LOOKUP(A17,'QALS - Inspection Lot Record'!$A$2:$A$361,'QALS - Inspection Lot Record'!$O$2:$O$361) -> Ibuprofen Tablets (100 MG) | D17: 80 | E17: Process Temp | F17: =LOOKUP(A17,'QALS - Inspection Lot Record'!A:A,'QALS - Inspection Lot Record'!G:G) -> YA284176 | G17: =LOOKUP(A17,'QALS - Inspection Lot Record'!A:A,'QALS - Inspection Lot Record'!E:E) -> 45870 | H17: =IF(AND(P17<=O17,O17<=Q17),"A","R") -> A | I17: =F17 -> YA284176 | J17: =G17 -> 45870 | K17: =LOOKUP(A17,'QALS - Inspection Lot Record'!A:A,'QALS - Inspection Lot Record'!I:I) -> 0.098055556 | L17: =G17 -> 45870 | M17: =K17+TIME(0,RANDBETWEEN(25,50),RANDBETWEEN(0,59)) -> 0.12862269 | O17: 24 | P17: 23 | Q17: 25
A18: 40000002503 | B18: 1 | C18: =LOOKUP(A18,'QALS - Inspection Lot Record'!$A$2:$A$361,'QALS - Inspection Lot Record'!$O$2:$O$361) -> Metformin Tablets (100 MG) | D18: 10 | E18: Potency | F18: =LOOKUP(A18,'QALS - Inspection Lot Record'!A:A,'QALS - Inspection Lot Record'!G:G) -> ZK384180 | G18: =LOOKUP(A18,'QALS - Inspection Lot Record'!A:A,'QALS - Inspection Lot Record'!E:E) -> 45871 | H18: =IF(AND(P18<=O18,O18<=Q18),"A","R") -> A | I18: =F18 -> ZK384180 | J18: =G18 -> 45871 | K18: =LOOKUP(A18,'QALS - Inspection Lot Record'!A:A,'QALS - Inspection Lot Record'!I:I) -> 0.90376157 | L18: =G18 -> 45871 | M18: =K18+TIME(0,RANDBETWEEN(25,50),RANDBETWEEN(0,59)) -> 0.93170139 | O18: 98.4 | P18: 95 | Q18: 102
A19: 40000002503 | B19: 1 | C19: =LOOKUP(A19,'QALS - Inspection Lot Record'!$A$2:$A$361,'QALS - Inspection Lot Record'!$O$2:$O$361) -> Metformin Tablets (100 MG) | D19: 20 | E19: PH Level | F19: =LOOKUP(A19,'QALS - Inspection Lot Record'!A:A,'QALS - Inspection Lot Record'!G:G) -> ZK384180 | G19: =LOOKUP(A19,'QALS - Inspection Lot Record'!A:A,'QALS - Inspection Lot Record'!E:E) -> 45871 | H19: =IF(AND(P19<=O19,O19<=Q19),"A","R") -> A | I19: =F19 -> ZK384180 | J19: =G19 -> 45871 | K19: =LOOKUP(A19,'QALS - Inspection Lot Record'!A:A,'QALS - Inspection Lot Record'!I:I) -> 0.90376157 | L19: =G19 -> 45871 | M19: =K19+TIME(0,RANDBETWEEN(25,50),RANDBETWEEN(0,59)) -> 0.92895833 | O19: 3.9 | P19: 3.5 | Q19: 11
A20: 40000002503 | B20: 1 | C20: =LOOKUP(A20,'QALS - Inspection Lot Record'!$A$2:$A$361,'QALS - Inspection Lot Record'!$O$2:$O$361) -> Metformin Tablets (100 MG) | D20: 30 | E20: Appearance | F20: =LOOKUP(A20,'QALS - Inspection Lot Record'!A:A,'QALS - Inspection Lot Record'!G:G) -> ZK384180 | G20: =LOOKUP(A20,'QALS - Inspection Lot Record'!A:A,'QALS - Inspection Lot Record'!E:E) -> 45871 | H20: =IF(AND(P20<=O20,O20<=Q20),"A","R") -> A | I20: =F20 -> ZK384180 | J20: =G20 -> 45871 | K20: =LOOKUP(A20,'QALS - Inspection Lot Record'!A:A,'QALS - Inspection Lot Record'!I:I) -> 0.90376157 | L20: =G20 -> 45871 | M20: =K20+TIME(0,RANDBETWEEN(25,50),RANDBETWEEN(0,59)) -> 0.92446759 | N20: Complies
A21: 40000002503 | B21: 1 | C21: =LOOKUP(A21,'QALS - Inspection Lot Record'!$A$2:$A$361,'QALS - Inspection Lot Record'!$O$2:$O$361) -> Metformin Tablets (100 MG) | D21: 40 | E21: Impurities | F21: =LOOKUP(A21,'QALS - Inspection Lot Record'!A:A,'QALS - Inspection Lot Record'!G:G) -> ZK384180 | G21: =LOOKUP(A21,'QALS - Inspection Lot Record'!A:A,'QALS - Inspection Lot Record'!E:E) -> 45871 | H21: =IF(AND(P21<=O21,O21<=Q21),"A","R") -> R | I21: =F21 -> ZK384180 | J21: =G21 -> 45871 | K21: =LOOKUP(A21,'QALS - Inspection Lot Record'!A:A,'QALS - Inspection Lot Record'!I:I) -> 0.90376157 | L21: =G21 -> 45871 | M21: =K21+TIME(0,RANDBETWEEN(25,50),RANDBETWEEN(0,59)) -> 0.92174769 | O21: 1.2 | P21: 0 | Q21: 1
A22: 40000002503 | B22: 1 | C22: =LOOKUP(A22,'QALS - Inspection Lot Record'!$A$2:$A$361,'QALS - Inspection Lot Record'!$O$2:$O$361) -> Metformin Tablets (100 MG) | D22: 50 | E22: Dissolution Rate - 15 Mins | F22: =LOOKUP(A22,'QALS - Inspection Lot Record'!A:A,'QALS - Inspection Lot Record'!G:G) -> ZK384180 | G22: =LOOKUP(A22,'QALS - Inspection Lot Record'!A:A,'QALS - Inspection Lot Record'!E:E) -> 45871 | H22: =IF(AND(P22<=O22,O22<=Q22),"A","R") -> R | I22: =F22 -> ZK384180 | J22: =G22 -> 45871 | K22: =LOOKUP(A22,'QALS - Inspection Lot Record'!A:A,'QALS - Inspection Lot Record'!I:I) -> 0.90376157 | L22: =G22 -> 45871 | M22: =K22+TIME(0,RANDBETWEEN(25,50),RANDBETWEEN(0,59)) -> 0.93175926 | O22: 38.7 | P22: 40 | Q22: 60
A23: 40000002503 | B23: 1 | C23: =LOOKUP(A23,'QALS - Inspection Lot Record'!$A$2:$A$361,'QALS - Inspection Lot Record'!$O$2:$O$361) -> Metformin Tablets (100 MG) | D23: 60 | E23: Dissolution Rate - 30 Mins | F23: =LOOKUP(A23,'QALS - Inspection Lot Record'!A:A,'QALS - Inspection Lot Record'!G:G) -> ZK384180 | G23: =LOOKUP(A23,'QALS - Inspection Lot Record'!A:A,'QALS - Inspection Lot Record'!E:E) -> 45871 | H23: =IF(AND(P23<=O23,O23<=Q23),"A","R") -> R | I23: =F23 -> ZK384180 | J23: =G23 -> 45871 | K23: =LOOKUP(A23,'QALS - Inspection Lot Record'!A:A,'QALS - Inspection Lot Record'!I:I) -> 0.90376157 | L23: =G23 -> 45871 | M23: =K23+TIME(0,RANDBETWEEN(25,50),RANDBETWEEN(0,59)) -> 0.93677083 | O23: 68 | P23: 70 | Q23: 85
A24: 40000002503 | B24: 1 | C24: =LOOKUP(A24,'QALS - Inspection Lot Record'!$A$2:$A$361,'QALS - Inspection Lot Record'!$O$2:$O$361) -> Metformin Tablets (100 MG) | D24: 70 | E24: Dissolution Rate - 40 Mins | F24: =LOOKUP(A24,'QALS - Inspection Lot Record'!A:A,'QALS - Inspection Lot Record'!G:G) -> ZK384180 | G24: =LOOKUP(A24,'QALS - Inspection Lot Record'!A:A,'QALS - Inspection Lot Record'!E:E) -> 45871 | H24: =IF(AND(P24<=O24,O24<=Q24),"A","R") -> A | I24: =F24 -> ZK384180 | J24: =G24 -> 45871 | K24: =LOOKUP(A24,'QALS - Inspection Lot Record'!A:A,'QALS - Inspection Lot Record'!I:I) -> 0.90376157 | L24: =G24 -> 45871 | M24: =K24+TIME(0,RANDBETWEEN(25,50),RANDBETWEEN(0,59)) -> 0.9309375 | O24: 84.3 | P24: 80 | Q24: 90
A25: 40000002503 | B25: 1 | C25: =LOOKUP(A25,'QALS - Inspection Lot Record'!$A$2:$A$361,'QALS - Inspection Lot Record'!$O$2:$O$361) -> Metformin Tablets (100 MG) | D25: 80 | E25: Process Temp | F25: =LOOKUP(A25,'QALS - Inspection Lot Record'!A:A,'QALS - Inspection Lot Record'!G:G) -> ZK384180 | G25: =LOOKUP(A25,'QALS - Inspection Lot Record'!A:A,'QALS - Inspection Lot Record'!E:E) -> 45871 | H25: =IF(AND(P25<=O25,O25<=Q25),"A","R") -> A | I25: =F25 -> ZK384180 | J25: =G25 -> 45871 | K25: =LOOKUP(A25,'QALS - Inspection Lot Record'!A:A,'QALS - Inspection Lot Record'!I:I) -> 0.90376157 | L25: =G25 -> 45871 | M25: =K25+TIME(0,RANDBETWEEN(25,50),RANDBETWEEN(0,59)) -> 0.92445602 | O25: 23.5 | P25: 23 | Q25: 25
A26: 40000002504 | B26: 1 | C26: =LOOKUP(A26,'QALS - Inspection Lot Record'!$A$2:$A$361,'QALS - Inspection Lot Record'!$O$2:$O$361) -> Metformin Tablets (100 MG) | D26: 10 | E26: Potency | F26: =LOOKUP(A26,'QALS - Inspection Lot Record'!A:A,'QALS - Inspection Lot Record'!G:G) -> YA284176 | G26: =LOOKUP(A26,'QALS - Inspection Lot Record'!A:A,'QALS - Inspection Lot Record'!E:E) -> 45871 | H26: =IF(AND(P26<=O26,O26<=Q26),"A","R") -> R | I26: =F26 -> YA284176 | J26: =G26 -> 45871 | K26: =LOOKUP(A26,'QALS - Inspection Lot Record'!A:A,'QALS - Inspection Lot Record'!I:I) -> 0.098969907 | L26: =G26 -> 45871 | M26: =K26+TIME(0,RANDBETWEEN(25,50),RANDBETWEEN(0,59)) -> 0.1328588 | O26: 93.6 | P26: 95 | Q26: 102
A27: 40000002504 | B27: 1 | C27: =LOOKUP(A27,'QALS - Inspection Lot Record'!$A$2:$A$361,'QALS - Inspection Lot Record'!$O$2:$O$361) -> Metformin Tablets (100 MG) | D27: 20 | E27: PH Level | F27: =LOOKUP(A27,'QALS - Inspection Lot Record'!A:A,'QALS - Inspection Lot Record'!G:G) -> YA284176 | G27: =LOOKUP(A27,'QALS - Inspection Lot Record'!A:A,'QALS - Inspection Lot Record'!E:E) -> 45871 | H27: =IF(AND(P27<=O27,O27<=Q27),"A","R") -> R | I27: =F27 -> YA284176 | J27: =G27 -> 45871 | K27: =LOOKUP(A27,'QALS - Inspection Lot Record'!A:A,'QALS - Inspection Lot Record'!I:I) -> 0.098969907 | L27: =G27 -> 45871 | M27: =K27+TIME(0,RANDBETWEEN(25,50),RANDBETWEEN(0,59)) -> 0.13256944 | O27: 1.8 | P27: 3.5 | Q27: 11
A28: 40000002504 | B28: 1 | C28: =LOOKUP(A28,'QALS - Inspection Lot Record'!$A$2:$A$361,'QALS - Inspection Lot Record'!$O$2:$O$361) -> Metformin Tablets (100 MG) | D28: 30 | E28: Appearance | F28: =LOOKUP(A28,'QALS - Inspection Lot Record'!A:A,'QALS - Inspection Lot Record'!G:G) -> YA284176 | G28: =LOOKUP(A28,'QALS - Inspection Lot Record'!A:A,'QALS - Inspection Lot Record'!E:E) -> 45871 | H28: =IF(AND(P28<=O28,O28<=Q28),"A","R") -> A | I28: =F28 -> YA284176 | J28: =G28 -> 45871 | K28: =LOOKUP(A28,'QALS - Inspection Lot Record'!A:A,'QALS - Inspection Lot Record'!I:I) -> 0.098969907 | L28: =G28 -> 45871 | M28: =K28+TIME(0,RANDBETWEEN(25,50),RANDBETWEEN(0,59)) -> 0.13085648 | N28: Complies
A29: 40000002504 | B29: 1 | C29: =LOOKUP(A29,'QALS - Inspection Lot Record'!$A$2:$A$361,'QALS - Inspection Lot Record'!$O$2:$O$361) -> Metformin Tablets (100 MG) | D29: 40 | E29: Impurities | F29: =LOOKUP(A29,'QALS - Inspection Lot Record'!A:A,'QALS - Inspection Lot Record'!G:G) -> YA284176 | G29: =LOOKUP(A29,'QALS - Inspection Lot Record'!A:A,'QALS - Inspection Lot Record'!E:E) -> 45871 | H29: =IF(AND(P29<=O29,O29<=Q29),"A","R") -> A | I29: =F29 -> YA284176 | J29: =G29 -> 45871 | K29: =LOOKUP(A29,'QALS - Inspection Lot Record'!A:A,'QALS - Inspection Lot Record'!I:I) -> 0.098969907 | L29: =G29 -> 45871 | M29: =K29+TIME(0,RANDBETWEEN(25,50),RANDBETWEEN(0,59)) -> 0.13396991 | O29: 0.5 | P29: 0 | Q29: 1
A30: 40000002504 | B30: 1 | C30: =LOOKUP(A30,'QALS - Inspection Lot Record'!$A$2:$A$361,'QALS - Inspection Lot Record'!$O$2:$O$361) -> Metformin Tablets (100 MG) | D30: 50 | E30: Dissolution Rate - 15 Mins | F30: =LOOKUP(A30,'QALS - Inspection Lot Record'!A:A,'QALS - Inspection Lot Record'!G:G) -> YA284176 | G30: =LOOKUP(A30,'QALS - Inspection Lot Record'!A:A,'QALS - Inspection Lot Record'!E:E) -> 45871 | H30: =IF(AND(P30<=O30,O30<=Q30),"A","R") -> R | I30: =F30 -> YA284176 | J30: =G30 -> 45871 | K30: =LOOKUP(A30,'QALS - Inspection Lot Record'!A:A,'QALS - Inspection Lot Record'!I:I) -> 0.098969907 | L30: =G30 -> 45871 | M30: =K30+TIME(0,RANDBETWEEN(25,50),RANDBETWEEN(0,59)) -> 0.13261574 | O30: 38.2 | P30: 40 | Q30: 60
A31: 40000002504 | B31: 1 | C31: =LOOKUP(A31,'QALS - Inspection Lot Record'!$A$2:$A$361,'QALS - Inspection Lot Record'!$O$2:$O$361) -> Metformin Tablets (100 MG) | D31: 60 | E31: Dissolution Rate - 30 Mins | F31: =LOOKUP(A31,'QALS - Inspection Lot Record'!A:A,'QALS - Inspection Lot Record'!G:G) -> YA284176 | G31: =LOOKUP(A31,'QALS - Inspection Lot Record'!A:A,'QALS - Inspection Lot Record'!E:E) -> 45871 | H31: =IF(AND(P31<=O31,O31<=Q31),"A","R") -> A | I31: =F31 -> YA284176 | J31: =G31 -> 45871 | K31: =LOOKUP(A31,'QALS - Inspection Lot Record'!A:A,'QALS - Inspection Lot Record'!I:I) -> 0.098969907 | L31: =G31 -> 45871 | M31: =K31+TIME(0,RANDBETWEEN(25,50),RANDBETWEEN(0,59)) -> 0.12650463 | O31: 74.3 | P31: 70 | Q31: 85
A32: 40000002504 | B32: 1 | C32: =LOOKUP(A32,'QALS - Inspection Lot Record'!$A$2:$A$361,'QALS - Inspection Lot Record'!$O$2:$O$361) -> Metformin Tablets (100 MG) | D32: 70 | E32: Dissolution Rate - 40 Mins | F32: =LOOKUP(A32,'QALS - Inspection Lot Record'!A:A,'QALS - Inspection Lot Record'!G:G) -> YA284176 | G32: =LOOKUP(A32,'QALS - Inspection Lot Record'!A:A,'QALS - Inspection Lot Record'!E:E) -> 45871 | H32: =IF(AND(P32<=O32,O32<=Q32),"A","R") -> A | I32: =F32 -> YA284176 | J32: =G32 -> 45871 | K32: =LOOKUP(A32,'QALS - Inspection Lot Record'!A:A,'QALS - Inspection Lot Record'!I:I) -> 0.098969907 | L32: =G32 -> 45871 | M32: =K32+TIME(0,RANDBETWEEN(25,50),RANDBETWEEN(0,59)) -> 0.13020833 | O32: 86.5 | P32: 80 | Q32: 90
A33: 40000002504 | B33: 1 | C33: =LOOKUP(A33,'QALS - Inspection Lot Record'!$A$2:$A$361,'QALS - Inspection Lot Record'!$O$2:$O$361) -> Metformin Tablets (100 MG) | D33: 80 | E33: Process Temp | F33: =LOOKUP(A33,'QALS - Inspection Lot Record'!A:A,'QALS - Inspection Lot Record'!G:G) -> YA284176 | G33: =LOOKUP(A33,'QALS - Inspection Lot Record'!A:A,'QALS - Inspection Lot Record'!E:E) -> 45871 | H33: =IF(AND(P33<=O33,O33<=Q33),"A","R") -> A | I33: =F33 -> YA284176 | J33: =G33 -> 45871 | K33: =LOOKUP(A33,'QALS - Inspection Lot Record'!A:A,'QALS - Inspection Lot Record'!I:I) -> 0.098969907 | L33: =G33 -> 45871 | M33: =K33+TIME(0,RANDBETWEEN(25,50),RANDBETWEEN(0,59)) -> 0.116875 | O33: 24 | P33: 23 | Q33: 25
A34: 40000002505 | B34: 1 | C34: =LOOKUP(A34,'QALS - Inspection Lot Record'!$A$2:$A$361,'QALS - Inspection Lot Record'!$O$2:$O$361) -> Metformin Tablets (500 MG) | D34: 10 | E34: Potency | F34: =LOOKUP(A34,'QALS - Inspection Lot Record'!A:A,'QALS - Inspection Lot Record'!G:G) -> TP397880 | G34: =LOOKUP(A34,'QALS - Inspection Lot Record'!A:A,'QALS - Inspection Lot Record'!E:E) -> 45872 | H34: =IF(AND(P34<=O34,O34<=Q34),"A","R") -> R | I34: =F34 -> TP397880 | J34: =G34 -> 45872 | K34: =LOOKUP(A34,'QALS - Inspection Lot Record'!A:A,'QALS - Inspection Lot Record'!I:I) -> 0.54824074 | L34: =G34 -> 45872 | M34: =K34+TIME(0,RANDBETWEEN(25,50),RANDBETWEEN(0,59)) -> 0.58125 | O34: 93.9 | P34: 95 | Q34: 105
A35: 40000002505 | B35: 1 | C35: =LOOKUP(A35,'QALS - Inspection Lot Record'!$A$2:$A$361,'QALS - Inspection Lot Record'!$O$2:$O$361) -> Metformin Tablets (500 MG) | D35: 20 | E35: PH Level | F35: =LOOKUP(A35,'QALS - Inspection Lot Record'!A:A,'QALS - Inspection Lot Record'!G:G) -> TP397880 | G35: =LOOKUP(A35,'QALS - Inspection Lot Record'!A:A,'QALS - Inspection Lot Record'!E:E) -> 45872 | H35: =IF(AND(P35<=O35,O35<=Q35),"A","R") -> A | I35: =F35 -> TP397880 | J35: =G35 -> 45872 | K35: =LOOKUP(A35,'QALS - Inspection Lot Record'!A:A,'QALS - Inspection Lot Record'!I:I) -> 0.54824074 | L35: =G35 -> 45872 | M35: =K35+TIME(0,RANDBETWEEN(25,50),RANDBETWEEN(0,59)) -> 0.57976852 | O35: 7.25 | P35: 3.5 | Q35: 11
A36: 40000002505 | B36: 1 | C36: =LOOKUP(A36,'QALS - Inspection Lot Record'!$A$2:$A$361,'QALS - Inspection Lot Record'!$O$2:$O$361) -> Metformin Tablets (500 MG) | D36: 30 | E36: Appearance | F36: =LOOKUP(A36,'QALS - Inspection Lot Record'!A:A,'QALS - Inspection Lot Record'!G:G) -> TP397880 | G36: =LOOKUP(A36,'QALS - Inspection Lot Record'!A:A,'QALS - Inspection Lot Record'!E:E) -> 45872 | H36: =IF(AND(P36<=O36,O36<=Q36),"A","R") -> A | I36: =F36 -> TP397880 | J36: =G36 -> 45872 | K36: =LOOKUP(A36,'QALS - Inspection Lot Record'!A:A,'QALS - Inspection Lot Record'!I:I) -> 0.54824074 | L36: =G36 -> 45872 | M36: =K36+TIME(0,RANDBETWEEN(25,50),RANDBETWEEN(0,59)) -> 0.58109954 | N36: Complies
A37: 40000002505 | B37: 1 | C37: =LOOKUP(A37,'QALS - Inspection Lot Record'!$A$2:$A$361,'QALS - Inspection Lot Record'!$O$2:$O$361) -> Metformin Tablets (500 MG) | D37: 40 | E37: Impurities | F37: =LOOKUP(A37,'QALS - Inspection Lot Record'!A:A,'QALS - Inspection Lot Record'!G:G) -> TP397880 | G37: =LOOKUP(A37,'QALS - Inspection Lot Record'!A:A,'QALS - Inspection Lot Record'!E:E) -> 45872 | H37: =IF(AND(P37<=O37,O37<=Q37),"A","R") -> A | I37: =F37 -> TP397880 | J37: =G37 -> 45872 | K37: =LOOKUP(A37,'QALS - Inspection Lot Record'!A:A,'QALS - Inspection Lot Record'!I:I) -> 0.54824074 | L37: =G37 -> 45872 | M37: =K37+TIME(0,RANDBETWEEN(25,50),RANDBETWEEN(0,59)) -> 0.57634259 | O37: 0 | P37: 0 | Q37: 2
A38: 40000002505 | B38: 1 | C38: =LOOKUP(A38,'QALS - Inspection Lot Record'!$A$2:$A$361,'QALS - Inspection Lot Record'!$O$2:$O$361) -> Metformin Tablets (500 MG) | D38: 50 | E38: Dissolution Rate - 15 Mins | F38: =LOOKUP(A38,'QALS - Inspection Lot Record'!A:A,'QALS - Inspection Lot Record'!G:G) -> TP397880 | G38: =LOOKUP(A38,'QALS - Inspection Lot Record'!A:A,'QALS - Inspection Lot Record'!E:E) -> 45872 | H38: =IF(AND(P38<=O38,O38<=Q38),"A","R") -> A | I38: =F38 -> TP397880 | J38: =G38 -> 45872 | K38: =LOOKUP(A38,'QALS - Inspection Lot Record'!A:A,'QALS - Inspection Lot Record'!I:I) -> 0.54824074 | L38: =G38 -> 45872 | M38: =K38+TIME(0,RANDBETWEEN(25,50),RANDBETWEEN(0,59)) -> 0.58297454 | O38: 50 | P38: 40 | Q38: 60
A39: 40000002505 | B39: 1 | C39: =LOOKUP(A39,'QALS - Inspection Lot Record'!$A$2:$A$361,'QALS - Inspection Lot Record'!$O$2:$O$361) -> Metformin Tablets (500 MG) | D39: 60 | E39: Dissolution Rate - 30 Mins | F39: =LOOKUP(A39,'QALS - Inspection Lot Record'!A:A,'QALS - Inspection Lot Record'!G:G) -> TP397880 | G39: =LOOKUP(A39,'QALS - Inspection Lot Record'!A:A,'QALS - Inspection Lot Record'!E:E) -> 45872 | H39: =IF(AND(P39<=O39,O39<=Q39),"A","R") -> A | I39: =F39 -> TP397880 | J39: =G39 -> 45872 | K39: =LOOKUP(A39,'QALS - Inspection Lot Record'!A:A,'QALS - Inspection Lot Record'!I:I) -> 0.54824074 | L39: =G39 -> 45872 | M39: =K39+TIME(0,RANDBETWEEN(25,50),RANDBETWEEN(0,59)) -> 0.58128472 | O39: 77.5 | P39: 70 | Q39: 85
A40: 40000002505 | B40: 1 | C40: =LOOKUP(A40,'QALS - Inspection Lot Record'!$A$2:$A$361,'QALS - Inspection Lot Record'!$O$2:$O$361) -> Metformin Tablets (500 MG) | D40: 70 | E40: Dissolution Rate - 40 Mins | F40: =LOOKUP(A40,'QALS - Inspection Lot Record'!A:A,'QALS - Inspection Lot Record'!G:G) -> TP397880 | G40: =LOOKUP(A40,'QALS - Inspection Lot Record'!A:A,'QALS - Inspection Lot Record'!E:E) -> 45872 | H40: =IF(AND(P40<=O40,O40<=Q40),"A","R") -> A | I40: =F40 -> TP397880 | J40: =G40 -> 45872 | K40: =LOOKUP(A40,'QALS - Inspection Lot Record'!A:A,'QALS - Inspection Lot Record'!I:I) -> 0.54824074 | L40: =G40 -> 45872 | M40: =K40+TIME(0,RANDBETWEEN(25,50),RANDBETWEEN(0,59)) -> 0.57407407 | O40: 85 | P40: 80 | Q40: 90
A41: 40000002505 | B41: 1 | C41: =LOOKUP(A41,'QALS - Inspection Lot Record'!$A$2:$A$361,'QALS - Inspection Lot Record'!$O$2:$O$361) -> Metformin Tablets (500 MG) | D41: 80 | E41: Process Temp | F41: =LOOKUP(A41,'QALS - Inspection Lot Record'!A:A,'QALS - Inspection Lot Record'!G:G) -> TP397880 | G41: =LOOKUP(A41,'QALS - Inspection Lot Record'!A:A,'QALS - Inspection Lot Record'!E:E) -> 45872 | H41: =IF(AND(P41<=O41,O41<=Q41),"A","R") -> R | I41: =F41 -> TP397880 | J41: =G41 -> 45872 | K41: =LOOKUP(A41,'QALS - Inspection Lot Record'!A:A,'QALS - Inspection Lot Record'!I:I) -> 0.54824074 | L41: =G41 -> 45872 | M41: =K41+TIME(0,RANDBETWEEN(25,50),RANDBETWEEN(0,59)) -> 0.56625 | O41: 22 | P41: 23 | Q41: 28
A42: 40000002506 | B42: 1 | C42: =LOOKUP(A42,'QALS - Inspection Lot Record'!$A$2:$A$361,'QALS - Inspection Lot Record'!$O$2:$O$361) -> Metformin Tablets (500 MG) | D42: 10 | E42: Potency | F42: =LOOKUP(A42,'QALS - Inspection Lot Record'!A:A,'QALS - Inspection Lot Record'!G:G) -> YA284176 | G42: =LOOKUP(A42,'QALS - Inspection Lot Record'!A:A,'QALS - Inspection Lot Record'!E:E) -> 45872 | H42: =IF(AND(P42<=O42,O42<=Q42),"A","R") -> A | I42: =F42 -> YA284176 | J42: =G42 -> 45872 | K42: =LOOKUP(A42,'QALS - Inspection Lot Record'!A:A,'QALS - Inspection Lot Record'!I:I) -> 0.14915509 | L42: =G42 -> 45872 | M42: =K42+TIME(0,RANDBETWEEN(25,50),RANDBETWEEN(0,59)) -> 0.17364583 | O42: 100 | P42: 95 | Q42: 105
A43: 40000002506 | B43: 1 | C43: =LOOKUP(A43,'QALS - Inspection Lot Record'!$A$2:$A$361,'QALS - Inspection Lot Record'!$O$2:$O$361) -> Metformin Tablets (500 MG) | D43: 20 | E43: PH Level | F43: =LOOKUP(A43,'QALS - Inspection Lot Record'!A:A,'QALS - Inspection Lot Record'!G:G) -> YA284176 | G43: =LOOKUP(A43,'QALS - Inspection Lot Record'!A:A,'QALS - Inspection Lot Record'!E:E) -> 45872 | H43: =IF(AND(P43<=O43,O43<=Q43),"A","R") -> A | I43: =F43 -> YA284176 | J43: =G43 -> 45872 | K43: =LOOKUP(A43,'QALS - Inspection Lot Record'!A:A,'QALS - Inspection Lot Record'!I:I) -> 0.14915509 | L43: =G43 -> 45872 | M43: =K43+TIME(0,RANDBETWEEN(25,50),RANDBETWEEN(0,59)) -> 0.18197917 | O43: 7.25 | P43: 3.5 | Q43: 11
A44: 40000002506 | B44: 1 | C44: =LOOKUP(A44,'QALS - Inspection Lot Record'!$A$2:$A$361,'QALS - Inspection Lot Record'!$O$2:$O$361) -> Metformin Tablets (500 MG) | D44: 30 | E44: Appearance | F44: =LOOKUP(A44,'QALS - Inspection Lot Record'!A:A,'QALS - Inspection Lot Record'!G:G) -> YA284176 | G44: =LOOKUP(A44,'QALS - Inspection Lot Record'!A:A,'QALS - Inspection Lot Record'!E:E) -> 45872 | H44: =IF(AND(P44<=O44,O44<=Q44),"A","R") -> A | I44: =F44 -> YA284176 | J44: =G44 -> 45872 | K44: =LOOKUP(A44,'QALS - Inspection Lot Record'!A:A,'QALS - Inspection Lot Record'!I:I) -> 0.14915509 | L44: =G44 -> 45872 | M44: =K44+TIME(0,RANDBETWEEN(25,50),RANDBETWEEN(0,59)) -> 0.16844907 | N44: Complies
A45: 40000002506 | B45: 1 | C45: =LOOKUP(A45,'QALS - Inspection Lot Record'!$A$2:$A$361,'QALS - Inspection Lot Record'!$O$2:$O$361) -> Metformin Tablets (500 MG) | D45: 40 | E45: Impurities | F45: =LOOKUP(A45,'QALS - Inspection Lot Record'!A:A,'QALS - Inspection Lot Record'!G:G) -> YA284176 | G45: =LOOKUP(A45,'QALS - Inspection Lot Record'!A:A,'QALS - Inspection Lot Record'!E:E) -> 45872 | H45: =IF(AND(P45<=O45,O45<=Q45),"A","R") -> A | I45: =F45 -> YA284176 | J45: =G45 -> 45872 | K45: =LOOKUP(A45,'QALS - Inspection Lot Record'!A:A,'QALS - Inspection Lot Record'!I:I) -> 0.14915509 | L45: =G45 -> 45872 | M45: =K45+TIME(0,RANDBETWEEN(25,50),RANDBETWEEN(0,59)) -> 0.17653935 | O45: 0 | P45: 0 | Q45: 2
A46: 40000002506 | B46: 1 | C46: =LOOKUP(A46,'QALS - Inspection Lot Record'!$A$2:$A$361,'QALS - Inspection Lot Record'!$O$2:$O$361) -> Metformin Tablets (500 MG) | D46: 50 | E46: Dissolution Rate - 15 Mins | F46: =LOOKUP(A46,'QALS - Inspection Lot Record'!A:A,'QALS - Inspection Lot Record'!G:G) -> YA284176 | G46: =LOOKUP(A46,'QALS - Inspection Lot Record'!A:A,'QALS - Inspection Lot Record'!E:E) -> 45872 | H46: =IF(AND(P46<=O46,O46<=Q46),"A","R") -> A | I46: =F46 -> YA284176 | J46: =G46 -> 45872 | K46: =LOOKUP(A46,'QALS - Inspection Lot Record'!A:A,'QALS - Inspection Lot Record'!I:I) -> 0.14915509 | L46: =G46 -> 45872 | M46: =K46+TIME(0,RANDBETWEEN(25,50),RANDBETWEEN(0,59)) -> 0.17037037 | O46: 50 | P46: 40 | Q46: 60
A47: 40000002506 | B47: 1 | C47: =LOOKUP(A47,'QALS - Inspection Lot Record'!$A$2:$A$361,'QALS - Inspection Lot Record'!$O$2:$O$361) -> Metformin Tablets (500 MG) | D47: 60 | E47: Dissolution Rate - 30 Mins | F47: =LOOKUP(A47,'QALS - Inspection Lot Record'!A:A,'QALS - Inspection Lot Record'!G:G) -> YA284176 | G47: =LOOKUP(A47,'QALS - Inspection Lot Record'!A:A,'QALS - Inspection Lot Record'!E:E) -> 45872 | H47: =IF(AND(P47<=O47,O47<=Q47),"A","R") -> A | I47: =F47 -> YA284176 | J47: =G47 -> 45872 | K47: =LOOKUP(A47,'QALS - Inspection Lot Record'!A:A,'QALS - Inspection Lot Record'!I:I) -> 0.14915509 | L47: =G47 -> 45872 | M47: =K47+TIME(0,RANDBETWEEN(25,50),RANDBETWEEN(0,59)) -> 0.18099537 | O47: 77.5 | P47: 70 | Q47: 85
A48: 40000002506 | B48: 1 | C48: =LOOKUP(A48,'QALS - Inspection Lot Record'!$A$2:$A$361,'QALS - Inspection Lot Record'!$O$2:$O$361) -> Metformin Tablets (500 MG) | D48: 70 | E48: Dissolution Rate - 40 Mins | F48: =LOOKUP(A48,'QALS - Inspection Lot Record'!A:A,'QALS - Inspection Lot Record'!G:G) -> YA284176 | G48: =LOOKUP(A48,'QALS - Inspection Lot Record'!A:A,'QALS - Inspection Lot Record'!E:E) -> 45872 | H48: =IF(AND(P48<=O48,O48<=Q48),"A","R") -> A | I48: =F48 -> YA284176 | J48: =G48 -> 45872 | K48: =LOOKUP(A48,'QALS - Inspection Lot Record'!A:A,'QALS - Inspection Lot Record'!I:I) -> 0.14915509 | L48: =G48 -> 45872 | M48: =K48+TIME(0,RANDBETWEEN(25,50),RANDBETWEEN(0,59)) -> 0.16751157 | O48: 85 | P48: 80 | Q48: 90
A49: 40000002506 | B49: 1 | C49: =LOOKUP(A49,'QALS - Inspection Lot Record'!$A$2:$A$361,'QALS - Inspection Lot Record'!$O$2:$O$361) -> Metformin Tablets (500 MG) | D49: 80 | E49: Process Temp | F49: =LOOKUP(A49,'QALS - Inspection Lot Record'!A:A,'QALS - Inspection Lot Record'!G:G) -> YA284176 | G49: =LOOKUP(A49,'QALS - Inspection Lot Record'!A:A,'QALS - Inspection Lot Record'!E:E) -> 45872 | H49: =IF(AND(P49<=O49,O49<=Q49),"A","R") -> A | I49: =F49 -> YA284176 | J49: =G49 -> 45872 | K49: =LOOKUP(A49,'QALS - Inspection Lot Record'!A:A,'QALS - Inspection Lot Record'!I:I) -> 0.14915509 | L49: =G49 -> 45872 | M49: =K49+TIME(0,RANDBETWEEN(25,50),RANDBETWEEN(0,59)) -> 0.18251157 | O49: 25.5 | P49: 23 | Q49: 28
A50: 40000002507 | B50: 1 | C50: =LOOKUP(A50,'QALS - Inspection Lot Record'!$A$2:$A$361,'QALS - Inspection Lot Record'!$O$2:$O$361) -> Aspirin Tablets (500 MG) | D50: 10 | E50: Potency | F50: =LOOKUP(A50,'QALS - Inspection Lot Record'!A:A,'QALS - Inspection Lot Record'!G:G) -> AB406550 | G50: =LOOKUP(A50,'QALS - Inspection Lot Record'!A:A,'QALS - Inspection Lot Record'!E:E) -> 45873 | H50: =IF(AND(P50<=O50,O50<=Q50),"A","R") -> A | I50: =F50 -> AB406550 | J50: =G50 -> 45873 | K50: =LOOKUP(A50,'QALS - Inspection Lot Record'!A:A,'QALS - Inspection Lot Record'!I:I) -> 0.75422454 | L50: =G50 -> 45873 | M50: =K50+TIME(0,RANDBETWEEN(25,50),RANDBETWEEN(0,59)) -> 0.78096065 | O50: 100 | P50: 95 | Q50: 105
A51: 40000002507 | B51: 1 | C51: =LOOKUP(A51,'QALS - Inspection Lot Record'!$A$2:$A$361,'QALS - Inspection Lot Record'!$O$2:$O$361) -> Aspirin Tablets (500 MG) | D51: 20 | E51: PH Level | F51: =LOOKUP(A51,'QALS - Inspection Lot Record'!A:A,'QALS - Inspection Lot Record'!G:G) -> AB406550 | G51: =LOOKUP(A51,'QALS - Inspection Lot Record'!A:A,'QALS - Inspection Lot Record'!E:E) -> 45873 | H51: =IF(AND(P51<=O51,O51<=Q51),"A","R") -> A | I51: =F51 -> AB406550 | J51: =G51 -> 45873 | K51: =LOOKUP(A51,'QALS - Inspection Lot Record'!A:A,'QALS - Inspection Lot Record'!I:I) -> 0.75422454 | L51: =G51 -> 45873 | M51: =K51+TIME(0,RANDBETWEEN(25,50),RANDBETWEEN(0,59)) -> 0.78594907 | O51: 7.3 | P51: 3.5 | Q51: 11
A52: 40000002507 | B52: 1 | C52: =LOOKUP(A52,'QALS - Inspection Lot Record'!$A$2:$A$361,'QALS - Inspection Lot Record'!$O$2:$O$361) -> Aspirin Tablets (500 MG) | D52: 30 | E52: Appearance | F52: =LOOKUP(A52,'QALS - Inspection Lot Record'!A:A,'QALS - Inspection Lot Record'!G:G) -> AB406550 | G52: =LOOKUP(A52,'QALS - Inspection Lot Record'!A:A,'QALS - Inspection Lot Record'!E:E) -> 45873 | H52: =IF(AND(P52<=O52,O52<=Q52),"A","R") -> A | I52: =F52 -> AB406550 | J52: =G52 -> 45873 | K52: =LOOKUP(A52,'QALS - Inspection Lot Record'!A:A,'QALS - Inspection Lot Record'!I:I) -> 0.75422454 | L52: =G52 -> 45873 | M52: =K52+TIME(0,RANDBETWEEN(25,50),RANDBETWEEN(0,59)) -> 0.78211806 | N52: Complies
A53: 40000002507 | B53: 1 | C53: =LOOKUP(A53,'QALS - Inspection Lot Record'!$A$2:$A$361,'QALS - Inspection Lot Record'!$O$2:$O$361) -> Aspirin Tablets (500 MG) | D53: 40 | E53: Impurities | F53: =LOOKUP(A53,'QALS - Inspection Lot Record'!A:A,'QALS - Inspection Lot Record'!G:G) -> AB406550 | G53: =LOOKUP(A53,'QALS - Inspection Lot Record'!A:A,'QALS - Inspection Lot Record'!E:E) -> 45873 | H53: =IF(AND(P53<=O53,O53<=Q53),"A","R") -> A | I53: =F53 -> AB406550 | J53: =G53 -> 45873 | K53: =LOOKUP(A53,'QALS - Inspection Lot Record'!A:A,'QALS - Inspection Lot Record'!I:I) -> 0.75422454 | L53: =G53 -> 45873 | M53: =K53+TIME(0,RANDBETWEEN(25,50),RANDBETWEEN(0,59)) -> 0.77596065 | O53: 1.8 | P53: 0 | Q53: 2.5
A54: 40000002507 | B54: 1 | C54: =LOOKUP(A54,'QALS - Inspection Lot Record'!$A$2:$A$361,'QALS - Inspection Lot Record'!$O$2:$O$361) -> Aspirin Tablets (500 MG) | D54: 50 | E54: Dissolution Rate - 15 Mins | F54: =LOOKUP(A54,'QALS - Inspection Lot Record'!A:A,'QALS - Inspection Lot Record'!G:G) -> AB406550 | G54: =LOOKUP(A54,'QALS - Inspection Lot Record'!A:A,'QALS - Inspection Lot Record'!E:E) -> 45873 | H54: =IF(AND(P54<=O54,O54<=Q54),"A","R") -> A | I54: =F54 -> AB406550 | J54: =G54 -> 45873 | K54: =LOOKUP(A54,'QALS - Inspection Lot Record'!A:A,'QALS - Inspection Lot Record'!I:I) -> 0.75422454 | L54: =G54 -> 45873 | M54: =K54+TIME(0,RANDBETWEEN(25,50),RANDBETWEEN(0,59)) -> 0.77502315 | O54: 41.6 | P54: 40 | Q54: 60
A55: 40000002507 | B55: 1 | C55: =LOOKUP(A55,'QALS - Inspection Lot Record'!$A$2:$A$361,'QALS - Inspection Lot Record'!$O$2:$O$361) -> Aspirin Tablets (500 MG) | D55: 60 | E55: Dissolution Rate - 30 Mins | F55: =LOOKUP(A55,'QALS - Inspection Lot Record'!A:A,'QALS - Inspection Lot Record'!G:G) -> AB406550 | G55: =LOOKUP(A55,'QALS - Inspection Lot Record'!A:A,'QALS - Inspection Lot Record'!E:E) -> 45873 | H55: =IF(AND(P55<=O55,O55<=Q55),"A","R") -> A | I55: =F55 -> AB406550 | J55: =G55 -> 45873 | K55: =LOOKUP(A55,'QALS - Inspection Lot Record'!A:A,'QALS - Inspection Lot Record'!I:I) -> 0.75422454 | L55: =G55 -> 45873 | M55: =K55+TIME(0,RANDBETWEEN(25,50),RANDBETWEEN(0,59)) -> 0.78101852 | O55: 71.5 | P55: 70 | Q55: 85
A56: 40000002507 | B56: 1 | C56: =LOOKUP(A56,'QALS - Inspection Lot Record'!$A$2:$A$361,'QALS - Inspection Lot Record'!$O$2:$O$361) -> Aspirin Tablets (500 MG) | D56: 70 | E56: Dissolution Rate - 40 Mins | F56: =LOOKUP(A56,'QALS - Inspection Lot Record'!A:A,'QALS - Inspection Lot Record'!G:G) -> AB406550 | G56: =LOOKUP(A56,'QALS - Inspection Lot Record'!A:A,'QALS - Inspection Lot Record'!E:E) -> 45873 | H56: =IF(AND(P56<=O56,O56<=Q56),"A","R") -> A | I56: =F56 -> AB406550 | J56: =G56 -> 45873 | K56: =LOOKUP(A56,'QALS - Inspection Lot Record'!A:A,'QALS - Inspection Lot Record'!I:I) -> 0.75422454 | L56: =G56 -> 45873 | M56: =K56+TIME(0,RANDBETWEEN(25,50),RANDBETWEEN(0,59)) -> 0.78115741 | O56: 81.3 | P56: 80 | Q56: 90
A57: 40000002507 | B57: 1 | C57: =LOOKUP(A57,'QALS - Inspection Lot Record'!$A$2:$A$361,'QALS - Inspection Lot Record'!$O$2:$O$361) -> Aspirin Tablets (500 MG) | D57: 80 | E57: Process Temp | F57: =LOOKUP(A57,'QALS - Inspection Lot Record'!A:A,'QALS - Inspection Lot Record'!G:G) -> AB406550 | G57: =LOOKUP(A57,'QALS - Inspection Lot Record'!A:A,'QALS - Inspection Lot Record'!E:E) -> 45873 | H57: =IF(AND(P57<=O57,O57<=Q57),"A","R") -> A | I57: =F57 -> AB406550 | J57: =G57 -> 45873 | K57: =LOOKUP(A57,'QALS - Inspection Lot Record'!A:A,'QALS - Inspection Lot Record'!I:I) -> 0.75422454 | L57: =G57 -> 45873 | M57: =K57+TIME(0,RANDBETWEEN(25,50),RANDBETWEEN(0,59)) -> 0.78608796 | O57: 25.5 | P57: 23 | Q57: 28
A58: 40000002508 | B58: 1 | C58: =LOOKUP(A58,'QALS - Inspection Lot Record'!$A$2:$A$361,'QALS - Inspection Lot Record'!$O$2:$O$361) -> Metformin Tablets (500 MG) | D58: 10 | E58: Potency | F58: =LOOKUP(A58,'QALS - Inspection Lot Record'!A:A,'QALS - Inspection Lot Record'!G:G) -> YA284176 | G58: =LOOKUP(A58,'QALS - Inspection Lot Record'!A:A,'QALS - Inspection Lot Record'!E:E) -> 45873 | H58: =IF(AND(P58<=O58,O58<=Q58),"A","R") -> R | I58: =F58 -> YA284176 | J58: =G58 -> 45873 | K58: =LOOKUP(A58,'QALS - Inspection Lot Record'!A:A,'QALS - Inspection Lot Record'!I:I) -> 0.042106481 | L58: =G58 -> 45873 | M58: =K58+TIME(0,RANDBETWEEN(25,50),RANDBETWEEN(0,59)) -> 0.071840278 | O58: 93.9 | P58: 95 | Q58: 105
A59: 40000002508 | B59: 1 | C59: =LOOKUP(A59,'QALS - Inspection Lot Record'!$A$2:$A$361,'QALS - Inspection Lot Record'!$O$2:$O$361) -> Metformin Tablets (500 MG) | D59: 20 | E59: PH Level | F59: =LOOKUP(A59,'QALS - Inspection Lot Record'!A:A,'QALS - Inspection Lot Record'!G:G) -> YA284176 | G59: =LOOKUP(A59,'QALS - Inspection Lot Record'!A:A,'QALS - Inspection Lot Record'!E:E) -> 45873 | H59: =IF(AND(P59<=O59,O59<=Q59),"A","R") -> A | I59: =F59 -> YA284176 | J59: =G59 -> 45873 | K59: =LOOKUP(A59,'QALS - Inspection Lot Record'!A:A,'QALS - Inspection Lot Record'!I:I) -> 0.042106481 | L59: =G59 -> 45873 | M59: =K59+TIME(0,RANDBETWEEN(25,50),RANDBETWEEN(0,59)) -> 0.062465278 | O59: 7.25 | P59: 3.5 | Q59: 11
A60: 40000002508 | B60: 1 | C60: =LOOKUP(A60,'QALS - Inspection Lot Record'!$A$2:$A$361,'QALS - Inspection Lot Record'!$O$2:$O$361) -> Metformin Tablets (500 MG) | D60: 30 | E60: Appearance | F60: =LOOKUP(A60,'QALS - Inspection Lot Record'!A:A,'QALS - Inspection Lot Record'!G:G) -> YA284176 | G60: =LOOKUP(A60,'QALS - Inspection Lot Record'!A:A,'QALS - Inspection Lot Record'!E:E) -> 45873 | H60: =IF(AND(P60<=O60,O60<=Q60),"A","R") -> A | I60: =F60 -> YA284176 | J60: =G60 -> 45873 | K60: =LOOKUP(A60,'QALS - Inspection Lot Record'!A:A,'QALS - Inspection Lot Record'!I:I) -> 0.042106481 | L60: =G60 -> 45873 | M60: =K60+TIME(0,RANDBETWEEN(25,50),RANDBETWEEN(0,59)) -> 0.069166667 | N60: Complies
A61: 40000002508 | B61: 1 | C61: =LOOKUP(A61,'QALS - Inspection Lot Record'!$A$2:$A$361,'QALS - Inspection Lot Record'!$O$2:$O$361) -> Metformin Tablets (500 MG) | D61: 40 | E61: Impurities | F61: =LOOKUP(A61,'QALS - Inspection Lot Record'!A:A,'QALS - Inspection Lot Record'!G:G) -> YA284176 | G61: =LOOKUP(A61,'QALS - Inspection Lot Record'!A:A,'QALS - Inspection Lot Record'!E:E) -> 45873 | H61: =IF(AND(P61<=O61,O61<=Q61),"A","R") -> A | I61: =F61 -> YA284176 | J61: =G61 -> 45873 | K61: =LOOKUP(A61,'QALS - Inspection Lot Record'!A:A,'QALS - Inspection Lot Record'!I:I) -> 0.042106481 | L61: =G61 -> 45873 | M61: =K61+TIME(0,RANDBETWEEN(25,50),RANDBETWEEN(0,59)) -> 0.065590278 | O61: 1.6 | P61: 0 | Q61: 2
A62: 40000002508 | B62: 1 | C62: =LOOKUP(A62,'QALS - Inspection Lot Record'!$A$2:$A$361,'QALS - Inspection Lot Record'!$O$2:$O$361) -> Metformin Tablets (500 MG) | D62: 50 | E62: Dissolution Rate - 15 Mins | F62: =LOOKUP(A62,'QALS - Inspection Lot Record'!A:A,'QALS - Inspection Lot Record'!G:G) -> YA284176 | G62: =LOOKUP(A62,'QALS - Inspection Lot Record'!A:A,'QALS - Inspection Lot Record'!E:E) -> 45873 | H62: =IF(AND(P62<=O62,O62<=Q62),"A","R") -> A | I62: =F62 -> YA284176 | J62: =G62 -> 45873 | K62: =LOOKUP(A62,'QALS - Inspection Lot Record'!A:A,'QALS - Inspection Lot Record'!I:I) -> 0.042106481 | L62: =G62 -> 45873 | M62: =K62+TIME(0,RANDBETWEEN(25,50),RANDBETWEEN(0,59)) -> 0.072361111 | O62: 41.3 | P62: 40 | Q62: 60
A63: 40000002508 | B63: 1 | C63: =LOOKUP(A63,'QALS - Inspection Lot Record'!$A$2:$A$361,'QALS - Inspection Lot Record'!$O$2:$O$361) -> Metformin Tablets (500 MG) | D63: 60 | E63: Dissolution Rate - 30 Mins | F63: =LOOKUP(A63,'QALS - Inspection Lot Record'!A:A,'QALS - Inspection Lot Record'!G:G) -> YA284176 | G63: =LOOKUP(A63,'QALS - Inspection Lot Record'!A:A,'QALS - Inspection Lot Record'!E:E) -> 45873 | H63: =IF(AND(P63<=O63,O63<=Q63),"A","R") -> A | I63: =F63 -> YA284176 | J63: =G63 -> 45873 | K63: =LOOKUP(A63,'QALS - Inspection Lot Record'!A:A,'QALS - Inspection Lot Record'!I:I) -> 0.042106481 | L63: =G63 -> 45873 | M63: =K63+TIME(0,RANDBETWEEN(25,50),RANDBETWEEN(0,59)) -> 0.069606481 | O63: 71.8 | P63: 70 | Q63: 85
A64: 40000002508 | B64: 1 | C64: =LOOKUP(A64,'QALS - Inspection Lot Record'!$A$2:$A$361,'QALS - Inspection Lot Record'!$O$2:$O$361) -> Metformin Tablets (500 MG) | D64: 70 | E64: Dissolution Rate - 40 Mins | F64: =LOOKUP(A64,'QALS - Inspection Lot Record'!A:A,'QALS - Inspection Lot Record'!G:G) -> YA284176 | G64: =LOOKUP(A64,'QALS - Inspection Lot Record'!A:A,'QALS - Inspection Lot Record'!E:E) -> 45873 | H64: =IF(AND(P64<=O64,O64<=Q64),"A","R") -> A | I64: =F64 -> YA284176 | J64: =G64 -> 45873 | K64: =LOOKUP(A64,'QALS - Inspection Lot Record'!A:A,'QALS - Inspection Lot Record'!I:I) -> 0.042106481 | L64: =G64 -> 45873 | M64: =K64+TIME(0,RANDBETWEEN(25,50),RANDBETWEEN(0,59)) -> 0.062395833 | O64: 81.7 | P64: 80 | Q64: 90
A65: 40000002508 | B65: 1 | C65: =LOOKUP(A65,'QALS - Inspection Lot Record'!$A$2:$A$361,'QALS - Inspection Lot Record'!$O$2:$O$361) -> Metformin Tablets (500 MG) | D65: 80 | E65: Process Temp | F65: =LOOKUP(A65,'QALS - Inspection Lot Record'!A:A,'QALS - Inspection Lot Record'!G:G) -> YA284176 | G65: =LOOKUP(A65,'QALS - Inspection Lot Record'!A:A,'QALS - Inspection Lot Record'!E:E) -> 45873 | H65: =IF(AND(P65<=O65,O65<=Q65),"A","R") -> A | I65: =F65 -> YA284176 | J65: =G65 -> 45873 | K65: =LOOKUP(A65,'QALS - Inspection Lot Record'!A:A,'QALS - Inspection Lot Record'!I:I) -> 0.042106481 | L65: =G65 -> 45873 | M65: =K65+TIME(0,RANDBETWEEN(25,50),RANDBETWEEN(0,59)) -> 0.066840278 | O65: 25.5 | P65: 23 | Q65: 28
A66: 40000002509 | B66: 1 | C66: =LOOKUP(A66,'QALS - Inspection Lot Record'!$A$2:$A$361,'QALS - Inspection Lot Record'!$O$2:$O$361) -> Metformin Tablets (200 MG) | D66: 10 | E66: Potency | F66: =LOOKUP(A66,'QALS - Inspection Lot Record'!A:A,'QALS - Inspection Lot Record'!G:G) -> ZK384180 | G66: =LOOKUP(A66,'QALS - Inspection Lot Record'!A:A,'QALS - Inspection Lot Record'!E:E) -> 45874 | H66: =IF(AND(P66<=O66,O66<=Q66),"A","R") -> R | I66: =F66 -> ZK384180 | J66: =G66 -> 45874 | K66: =LOOKUP(A66,'QALS - Inspection Lot Record'!A:A,'QALS - Inspection Lot Record'!I:I) -> 0.52502315 | L66: =G66 -> 45874 | M66: =K66+TIME(0,RANDBETWEEN(25,50),RANDBETWEEN(0,59)) -> 0.54325231 | O66: 93.4 | P66: 95 | Q66: 103
A67: 40000002509 | B67: 1 | C67: =LOOKUP(A67,'QALS - Inspection Lot Record'!$A$2:$A$361,'QALS - Inspection Lot Record'!$O$2:$O$361) -> Metformin Tablets (200 MG) | D67: 20 | E67: PH Level | F67: =LOOKUP(A67,'QALS - Inspection Lot Record'!A:A,'QALS - Inspection Lot Record'!G:G) -> ZK384180 | G67: =LOOKUP(A67,'QALS - Inspection Lot Record'!A:A,'QALS - Inspection Lot Record'!E:E) -> 45874 | H67: =IF(AND(P67<=O67,O67<=Q67),"A","R") -> R | I67: =F67 -> ZK384180 | J67: =G67 -> 45874 | K67: =LOOKUP(A67,'QALS - Inspection Lot Record'!A:A,'QALS - Inspection Lot Record'!I:I) -> 0.52502315 | L67: =G67 -> 45874 | M67: =K67+TIME(0,RANDBETWEEN(25,50),RANDBETWEEN(0,59)) -> 0.55141204 | O67: 5 | P67: 6 | Q67: 9.5
A68: 40000002509 | B68: 1 | C68: =LOOKUP(A68,'QALS - Inspection Lot Record'!$A$2:$A$361,'QALS - Inspection Lot Record'!$O$2:$O$361) -> Metformin Tablets (200 MG) | D68: 30 | E68: Appearance | F68: =LOOKUP(A68,'QALS - Inspection Lot Record'!A:A,'QALS - Inspection Lot Record'!G:G) -> ZK384180 | G68: =LOOKUP(A68,'QALS - Inspection Lot Record'!A:A,'QALS - Inspection Lot Record'!E:E) -> 45874 | H68: =IF(AND(P68<=O68,O68<=Q68),"A","R") -> A | I68: =F68 -> ZK384180 | J68: =G68 -> 45874 | K68: =LOOKUP(A68,'QALS - Inspection Lot Record'!A:A,'QALS - Inspection Lot Record'!I:I) -> 0.52502315 | L68: =G68 -> 45874 | M68: =K68+TIME(0,RANDBETWEEN(25,50),RANDBETWEEN(0,59)) -> 0.55447917 | N68: Complies
A69: 40000002509 | B69: 1 | C69: =LOOKUP(A69,'QALS - Inspection Lot Record'!$A$2:$A$361,'QALS - Inspection Lot Record'!$O$2:$O$361) -> Metformin Tablets (200 MG) | D69: 40 | E69: Impurities | F69: =LOOKUP(A69,'QALS - Inspection Lot Record'!A:A,'QALS - Inspection Lot Record'!G:G) -> ZK384180 | G69: =LOOKUP(A69,'QALS - Inspection Lot Record'!A:A,'QALS - Inspection Lot Record'!E:E) -> 45874 | H69: =IF(AND(P69<=O69,O69<=Q69),"A","R") -> A | I69: =F69 -> ZK384180 | J69: =G69 -> 45874 | K69: =LOOKUP(A69,'QALS - Inspection Lot Record'!A:A,'QALS - Inspection Lot Record'!I:I) -> 0.52502315 | L69: =G69 -> 45874 | M69: =K69+TIME(0,RANDBETWEEN(25,50),RANDBETWEEN(0,59)) -> 0.55564815 | O69: 0 | P69: 0 | Q69: 2
A70: 40000002509 | B70: 1 | C70: =LOOKUP(A70,'QALS - Inspection Lot Record'!$A$2:$A$361,'QALS - Inspection Lot Record'!$O$2:$O$361) -> Metformin Tablets (200 MG) | D70: 50 | E70: Dissolution Rate - 15 Mins | F70: =LOOKUP(A70,'QALS - Inspection Lot Record'!A:A,'QALS - Inspection Lot Record'!G:G) -> ZK384180 | G70: =LOOKUP(A70,'QALS - Inspection Lot Record'!A:A,'QALS - Inspection Lot Record'!E:E) -> 45874 | H70: =IF(AND(P70<=O70,O70<=Q70),"A","R") -> A | I70: =F70 -> ZK384180 | J70: =G70 -> 45874 | K70: =LOOKUP(A70,'QALS - Inspection Lot Record'!A:A,'QALS - Inspection Lot Record'!I:I) -> 0.52502315 | L70: =G70 -> 45874 | M70: =K70+TIME(0,RANDBETWEEN(25,50),RANDBETWEEN(0,59)) -> 0.55384259 | O70: 50 | P70: 40 | Q70: 60
A71: 40000002509 | B71: 1 | C71: =LOOKUP(A71,'QALS - Inspection Lot Record'!$A$2:$A$361,'QALS - Inspection Lot Record'!$O$2:$O$361) -> Metformin Tablets (200 MG) | D71: 60 | E71: Dissolution Rate - 30 Mins | F71: =LOOKUP(A71,'QALS - Inspection Lot Record'!A:A,'QALS - Inspection Lot Record'!G:G) -> ZK384180 | G71: =LOOKUP(A71,'QALS - Inspection Lot Record'!A:A,'QALS - Inspection Lot Record'!E:E) -> 45874 | H71: =IF(AND(P71<=O71,O71<=Q71),"A","R") -> A | I71: =F71 -> ZK384180 | J71: =G71 -> 45874 | K71: =LOOKUP(A71,'QALS - Inspection Lot Record'!A:A,'QALS - Inspection Lot Record'!I:I) -> 0.52502315 | L71: =G71 -> 45874 | M71: =K71+TIME(0,RANDBETWEEN(25,50),RANDBETWEEN(0,59)) -> 0.55394676 | O71: 77.5 | P71: 70 | Q71: 85
A72: 40000002509 | B72: 1 | C72: =LOOKUP(A72,'QALS - Inspection Lot Record'!$A$2:$A$361,'QALS - Inspection Lot Record'!$O$2:$O$361) -> Metformin Tablets (200 MG) | D72: 70 | E72: Dissolution Rate - 40 Mins | F72: =LOOKUP(A72,'QALS - Inspection Lot Record'!A:A,'QALS - Inspection Lot Record'!G:G) -> ZK384180 | G72: =LOOKUP(A72,'QALS - Inspection Lot Record'!A:A,'QALS - Inspection Lot Record'!E:E) -> 45874 | H72: =IF(AND(P72<=O72,O72<=Q72),"A","R") -> A | I72: =F72 -> ZK384180 | J72: =G72 -> 45874 | K72: =LOOKUP(A72,'QALS - Inspection Lot Record'!A:A,'QALS - Inspection Lot Record'!I:I) -> 0.52502315 | L72: =G72 -> 45874 | M72: =K72+TIME(0,RANDBETWEEN(25,50),RANDBETWEEN(0,59)) -> 0.54318287 | O72: 85 | P72: 80 | Q72: 90
A73: 40000002509 | B73: 1 | C73: =LOOKUP(A73,'QALS - Inspection Lot Record'!$A$2:$A$361,'QALS - Inspection Lot Record'!$O$2:$O$361) -> Metformin Tablets (200 MG) | D73: 80 | E73: Process Temp | F73: =LOOKUP(A73,'QALS - Inspection Lot Record'!A:A,'QALS - Inspection Lot Record'!G:G) -> ZK384180 | G73: =LOOKUP(A73,'QALS - Inspection Lot Record'!A:A,'QALS - Inspection Lot Record'!E:E) -> 45874 | H73: =IF(AND(P73<=O73,O73<=Q73),"A","R") -> A | I73: =F73 -> ZK384180 | J73: =G73 -> 45874 | K73: =LOOKUP(A73,'QALS - Inspection Lot Record'!A:A,'QALS - Inspection Lot Record'!I:I) -> 0.52502315 | L73: =G73 -> 45874 | M73: =K73+TIME(0,RANDBETWEEN(25,50),RANDBETWEEN(0,59)) -> 0.55552083 | O73: 25.5 | P73: 23 | Q73: 28
A74: 40000002510 | B74: 1 | C74: =LOOKUP(A74,'QALS - Inspection Lot Record'!$A$2:$A$361,'QALS - Inspection Lot Record'!$O$2:$O$361) -> Metformin Tablets (100 MG) | D74: 10 | E74: Potency | F74: =LOOKUP(A74,'QALS - Inspection Lot Record'!A:A,'QALS - Inspection Lot Record'!G:G) -> GC197258 | G74: =LOOKUP(A74,'QALS - Inspection Lot Record'!A:A,'QALS - Inspection Lot Record'!E:E) -> 45874 | H74: =IF(AND(P74<=O74,O74<=Q74),"A","R") -> A | I74: =F74 -> GC197258 | J74: =G74 -> 45874 | K74: =LOOKUP(A74,'QALS - Inspection Lot Record'!A:A,'QALS - Inspection Lot Record'!I:I) -> 0.21421296 | L74: =G74 -> 45874 | M74: =K74+TIME(0,RANDBETWEEN(25,50),RANDBETWEEN(0,59)) -> 0.2356713 | O74: 98.5 | P74: 95 | Q74: 102
A75: 40000002510 | B75: 1 | C75: =LOOKUP(A75,'QALS - Inspection Lot Record'!$A$2:$A$361,'QALS - Inspection Lot Record'!$O$2:$O$361) -> Metformin Tablets (100 MG) | D75: 20 | E75: PH Level | F75: =LOOKUP(A75,'QALS - Inspection Lot Record'!A:A,'QALS - Inspection Lot Record'!G:G) -> GC197258 | G75: =LOOKUP(A75,'QALS - Inspection Lot Record'!A:A,'QALS - Inspection Lot Record'!E:E) -> 45874 | H75: =IF(AND(P75<=O75,O75<=Q75),"A","R") -> A | I75: =F75 -> GC197258 | J75: =G75 -> 45874 | K75: =LOOKUP(A75,'QALS - Inspection Lot Record'!A:A,'QALS - Inspection Lot Record'!I:I) -> 0.21421296 | L75: =G75 -> 45874 | M75: =K75+TIME(0,RANDBETWEEN(25,50),RANDBETWEEN(0,59)) -> 0.23478009 | O75: 7.25 | P75: 3.5 | Q75: 11
A76: 40000002510 | B76: 1 | C76: =LOOKUP(A76,'QALS - Inspection Lot Record'!$A$2:$A$361,'QALS - Inspection Lot Record'!$O$2:$O$361) -> Metformin Tablets (100 MG) | D76: 30 | E76: Appearance | F76: =LOOKUP(A76,'QALS - Inspection Lot Record'!A:A,'QALS - Inspection Lot Record'!G:G) -> GC197258 | G76: =LOOKUP(A76,'QALS - Inspection Lot Record'!A:A,'QALS - Inspection Lot Record'!E:E) -> 45874 | H76: =IF(AND(P76<=O76,O76<=Q76),"A","R") -> A | I76: =F76 -> GC197258 | J76: =G76 -> 45874 | K76: =LOOKUP(A76,'QALS - Inspection Lot Record'!A:A,'QALS - Inspection Lot Record'!I:I) -> 0.21421296 | L76: =G76 -> 45874 | M76: =K76+TIME(0,RANDBETWEEN(25,50),RANDBETWEEN(0,59)) -> 0.23232639 | N76: Complies
A77: 40000002510 | B77: 1 | C77: =LOOKUP(A77,'QALS - Inspection Lot Record'!$A$2:$A$361,'QALS - Inspection Lot Record'!$O$2:$O$361) -> Metformin Tablets (100 MG) | D77: 40 | E77: Impurities | F77: =LOOKUP(A77,'QALS - Inspection Lot Record'!A:A,'QALS - Inspection Lot Record'!G:G) -> GC197258 | G77: =LOOKUP(A77,'QALS - Inspection Lot Record'!A:A,'QALS - Inspection Lot Record'!E:E) -> 45874 | H77: =IF(AND(P77<=O77,O77<=Q77),"A","R") -> A | I77: =F77 -> GC197258 | J77: =G77 -> 45874 | K77: =LOOKUP(A77,'QALS - Inspection Lot Record'!A:A,'QALS - Inspection Lot Record'!I:I) -> 0.21421296 | L77: =G77 -> 45874 | M77: =K77+TIME(0,RANDBETWEEN(25,50),RANDBETWEEN(0,59)) -> 0.23364583 | O77: 0 | P77: 0 | Q77: 1
A78: 40000002510 | B78: 1 | C78: =LOOKUP(A78,'QALS - Inspection Lot Record'!$A$2:$A$361,'QALS - Inspection Lot Record'!$O$2:$O$361) -> Metformin Tablets (100 MG) | D78: 50 | E78: Dissolution Rate - 15 Mins | F78: =LOOKUP(A78,'QALS - Inspection Lot Record'!A:A,'QALS - Inspection Lot Record'!G:G) -> GC197258 | G78: =LOOKUP(A78,'QALS - Inspection Lot Record'!A:A,'QALS - Inspection Lot Record'!E:E) -> 45874 | H78: =IF(AND(P78<=O78,O78<=Q78),"A","R") -> A | I78: =F78 -> GC197258 | J78: =G78 -> 45874 | K78: =LOOKUP(A78,'QALS - Inspection Lot Record'!A:A,'QALS - Inspection Lot Record'!I:I) -> 0.21421296 | L78: =G78 -> 45874 | M78: =K78+TIME(0,RANDBETWEEN(25,50),RANDBETWEEN(0,59)) -> 0.2346412 | O78: 50 | P78: 40 | Q78: 60
A79: 40000002510 | B79: 1 | C79: =LOOKUP(A79,'QALS - Inspection Lot Record'!$A$2:$A$361,'QALS - Inspection Lot Record'!$O$2:$O$361) -> Metformin Tablets (100 MG) | D79: 60 | E79: Dissolution Rate - 30 Mins | F79: =LOOKUP(A79,'QALS - Inspection Lot Record'!A:A,'QALS - Inspection Lot Record'!G:G) -> GC197258 | G79: =LOOKUP(A79,'QALS - Inspection Lot Record'!A:A,'QALS - Inspection Lot Record'!E:E) -> 45874 | H79: =IF(AND(P79<=O79,O79<=Q79),"A","R") -> A | I79: =F79 -> GC197258 | J79: =G79 -> 45874 | K79: =LOOKUP(A79,'QALS - Inspection Lot Record'!A:A,'QALS - Inspection Lot Record'!I:I) -> 0.21421296 | L79: =G79 -> 45874 | M79: =K79+TIME(0,RANDBETWEEN(25,50),RANDBETWEEN(0,59)) -> 0.24363426 | O79: 77.5 | P79: 70 | Q79: 85
A80: 40000002510 | B80: 1 | C80: =LOOKUP(A80,'QALS - Inspection Lot Record'!$A$2:$A$361,'QALS - Inspection Lot Record'!$O$2:$O$361) -> Metformin Tablets (100 MG) | D80: 70 | E80: Dissolution Rate - 40 Mins | F80: =LOOKUP(A80,'QALS - Inspection Lot Record'!A:A,'QALS - Inspection Lot Record'!G:G) -> GC197258 | G80: =LOOKUP(A80,'QALS - Inspection Lot Record'!A:A,'QALS - Inspection Lot Record'!E:E) -> 45874 | H80: =IF(AND(P80<=O80,O80<=Q80),"A","R") -> R | I80: =F80 -> GC197258 | J80: =G80 -> 45874 | K80: =LOOKUP(A80,'QALS - Inspection Lot Record'!A:A,'QALS - Inspection Lot Record'!I:I) -> 0.21421296 | L80: =G80 -> 45874 | M80: =K80+TIME(0,RANDBETWEEN(25,50),RANDBETWEEN(0,59)) -> 0.24570602 | O80: 78.7 | P80: 80 | Q80: 90
A81: 40000002510 | B81: 1 | C81: =LOOKUP(A81,'QALS - Inspection Lot Record'!$A$2:$A$361,'QALS - Inspection Lot Record'!$O$2:$O$361) -> Metformin Tablets (100 MG) | D81: 80 | E81: Process Temp | F81: =LOOKUP(A81,'QALS - Inspection Lot Record'!A:A,'QALS - Inspection Lot Record'!G:G) -> GC197258 | G81: =LOOKUP(A81,'QALS - Inspection Lot Record'!A:A,'QALS - Inspection Lot Record'!E:E) -> 45874 | H81: =IF(AND(P81<=O81,O81<=Q81),"A","R") -> A | I81: =F81 -> GC197258 | J81: =G81 -> 45874 | K81: =LOOKUP(A81,'QALS - Inspection Lot Record'!A:A,'QALS - Inspection Lot Record'!I:I) -> 0.21421296 | L81: =G81 -> 45874 | M81: =K81+TIME(0,RANDBETWEEN(25,50),RANDBETWEEN(0,59)) -> 0.24570602 | O81: 24 | P81: 23 | Q81: 25
A82: 40000002511 | B82: 1 | C82: =LOOKUP(A82,'QALS - Inspection Lot Record'!$A$2:$A$361,'QALS - Inspection Lot Record'!$O$2:$O$361) -> Ibuprofen Tablets (100 MG) | D82: 10 | E82: Potency | F82: =LOOKUP(A82,'QALS - Inspection Lot Record'!A:A,'QALS - Inspection Lot Record'!G:G) -> TP397880 | G82: =LOOKUP(A82,'QALS - Inspection Lot Record'!A:A,'QALS - Inspection Lot Record'!E:E) -> 45875 | H82: =IF(AND(P82<=O82,O82<=Q82),"A","R") -> R | I82: =F82 -> TP397880 | J82: =G82 -> 45875 | K82: =LOOKUP(A82,'QALS - Inspection Lot Record'!A:A,'QALS - Inspection Lot Record'!I:I) -> 0.83722222 | L82: =G82 -> 45875 | M82: =K82+TIME(0,RANDBETWEEN(25,50),RANDBETWEEN(0,59)) -> 0.86590278 | O82: 93.9 | P82: 95 | Q82: 102
A83: 40000002511 | B83: 1 | C83: =LOOKUP(A83,'QALS - Inspection Lot Record'!$A$2:$A$361,'QALS - Inspection Lot Record'!$O$2:$O$361) -> Ibuprofen Tablets (100 MG) | D83: 20 | E83: PH Level | F83: =LOOKUP(A83,'QALS - Inspection Lot Record'!A:A,'QALS - Inspection Lot Record'!G:G) -> TP397880 | G83: =LOOKUP(A83,'QALS - Inspection Lot Record'!A:A,'QALS - Inspection Lot Record'!E:E) -> 45875 | H83: =IF(AND(P83<=O83,O83<=Q83),"A","R") -> A | I83: =F83 -> TP397880 | J83: =G83 -> 45875 | K83: =LOOKUP(A83,'QALS - Inspection Lot Record'!A:A,'QALS - Inspection Lot Record'!I:I) -> 0.83722222 | L83: =G83 -> 45875 | M83: =K83+TIME(0,RANDBETWEEN(25,50),RANDBETWEEN(0,59)) -> 0.86403935 | O83: 7.3 | P83: 3.5 | Q83: 11
A84: 40000002511 | B84: 1 | C84: =LOOKUP(A84,'QALS - Inspection Lot Record'!$A$2:$A$361,'QALS - Inspection Lot Record'!$O$2:$O$361) -> Ibuprofen Tablets (100 MG) | D84: 30 | E84: Appearance | F84: =LOOKUP(A84,'QALS - Inspection Lot Record'!A:A,'QALS - Inspection Lot Record'!G:G) -> TP397880 | G84: =LOOKUP(A84,'QALS - Inspection Lot Record'!A:A,'QALS - Inspection Lot Record'!E:E) -> 45875 | H84: =IF(AND(P84<=O84,O84<=Q84),"A","R") -> A | I84: =F84 -> TP397880 | J84: =G84 -> 45875 | K84: =LOOKUP(A84,'QALS - Inspection Lot Record'!A:A,'QALS - Inspection Lot Record'!I:I) -> 0.83722222 | L84: =G84 -> 45875 | M84: =K84+TIME(0,RANDBETWEEN(25,50),RANDBETWEEN(0,59)) -> 0.86040509 | N84: Complies
A85: 40000002511 | B85: 1 | C85: =LOOKUP(A85,'QALS - Inspection Lot Record'!$A$2:$A$361,'QALS - Inspection Lot Record'!$O$2:$O$361) -> Ibuprofen Tablets (100 MG) | D85: 40 | E85: Impurities | F85: =LOOKUP(A85,'QALS - Inspection Lot Record'!A:A,'QALS - Inspection Lot Record'!G:G) -> TP397880 | G85: =LOOKUP(A85,'QALS - Inspection Lot Record'!A:A,'QALS - Inspection Lot Record'!E:E) -> 45875 | H85: =IF(AND(P85<=O85,O85<=Q85),"A","R") -> A | I85: =F85 -> TP397880 | J85: =G85 -> 45875 | K85: =LOOKUP(A85,'QALS - Inspection Lot Record'!A:A,'QALS - Inspection Lot Record'!I:I) -> 0.83722222 | L85: =G85 -> 45875 | M85: =K85+TIME(0,RANDBETWEEN(25,50),RANDBETWEEN(0,59)) -> 0.87128472 | O85: 0.5 | P85: 0 | Q85: 1
A86: 40000002511 | B86: 1 | C86: =LOOKUP(A86,'QALS - Inspection Lot Record'!$A$2:$A$361,'QALS - Inspection Lot Record'!$O$2:$O$361) -> Ibuprofen Tablets (100 MG) | D86: 50 | E86: Dissolution Rate - 15 Mins | F86: =LOOKUP(A86,'QALS - Inspection Lot Record'!A:A,'QALS - Inspection Lot Record'!G:G) -> TP397880 | G86: =LOOKUP(A86,'QALS - Inspection Lot Record'!A:A,'QALS - Inspection Lot Record'!E:E) -> 45875 | H86: =IF(AND(P86<=O86,O86<=Q86),"A","R") -> A | I86: =F86 -> TP397880 | J86: =G86 -> 45875 | K86: =LOOKUP(A86,'QALS - Inspection Lot Record'!A:A,'QALS - Inspection Lot Record'!I:I) -> 0.83722222 | L86: =G86 -> 45875 | M86: =K86+TIME(0,RANDBETWEEN(25,50),RANDBETWEEN(0,59)) -> 0.85650463 | O86: 41.5 | P86: 40 | Q86: 60
A87: 40000002511 | B87: 1 | C87: =LOOKUP(A87,'QALS - Inspection Lot Record'!$A$2:$A$361,'QALS - Inspection Lot Record'!$O$2:$O$361) -> Ibuprofen Tablets (100 MG) | D87: 60 | E87: Dissolution Rate - 30 Mins | F87: =LOOKUP(A87,'QALS - Inspection Lot Record'!A:A,'QALS - Inspection Lot Record'!G:G) -> TP397880 | G87: =LOOKUP(A87,'QALS - Inspection Lot Record'!A:A,'QALS - Inspection Lot Record'!E:E) -> 45875 | H87: =IF(AND(P87<=O87,O87<=Q87),"A","R") -> A | I87: =F87 -> TP397880 | J87: =G87 -> 45875 | K87: =LOOKUP(A87,'QALS - Inspection Lot Record'!A:A,'QALS - Inspection Lot Record'!I:I) -> 0.83722222 | L87: =G87 -> 45875 | M87: =K87+TIME(0,RANDBETWEEN(25,50),RANDBETWEEN(0,59)) -> 0.85513889 | O87: 71.8 | P87: 70 | Q87: 85
A88: 40000002511 | B88: 1 | C88: =LOOKUP(A88,'QALS - Inspection Lot Record'!$A$2:$A$361,'QALS - Inspection Lot Record'!$O$2:$O$361) -> Ibuprofen Tablets (100 MG) | D88: 70 | E88: Dissolution Rate - 40 Mins | F88: =LOOKUP(A88,'QALS - Inspection Lot Record'!A:A,'QALS - Inspection Lot Record'!G:G) -> TP397880 | G88: =LOOKUP(A88,'QALS - Inspection Lot Record'!A:A,'QALS - Inspection Lot Record'!E:E) -> 45875 | H88: =IF(AND(P88<=O88,O88<=Q88),"A","R") -> A | I88: =F88 -> TP397880 | J88: =G88 -> 45875 | K88: =LOOKUP(A88,'QALS - Inspection Lot Record'!A:A,'QALS - Inspection Lot Record'!I:I) -> 0.83722222 | L88: =G88 -> 45875 | M88: =K88+TIME(0,RANDBETWEEN(25,50),RANDBETWEEN(0,59)) -> 0.86077546 | O88: 81.1 | P88: 80 | Q88: 90
A89: 40000002511 | B89: 1 | C89: =LOOKUP(A89,'QALS - Inspection Lot Record'!$A$2:$A$361,'QALS - Inspection Lot Record'!$O$2:$O$361) -> Ibuprofen Tablets (100 MG) | D89: 80 | E89: Process Temp | F89: =LOOKUP(A89,'QALS - Inspection Lot Record'!A:A,'QALS - Inspection Lot Record'!G:G) -> TP397880 | G89: =LOOKUP(A89,'QALS - Inspection Lot Record'!A:A,'QALS - Inspection Lot Record'!E:E) -> 45875 | H89: =IF(AND(P89<=O89,O89<=Q89),"A","R") -> A | I89: =F89 -> TP397880 | J89: =G89 -> 45875 | K89: =LOOKUP(A89,'QALS - Inspection Lot Record'!A:A,'QALS - Inspection Lot Record'!I:I) -> 0.83722222 | L89: =G89 -> 45875 | M89: =K89+TIME(0,RANDBETWEEN(25,50),RANDBETWEEN(0,59)) -> 0.85565972 | O89: 24 | P89: 23 | Q89: 25
A90: 40000002512 | B90: 1 | C90: =LOOKUP(A90,'QALS - Inspection Lot Record'!$A$2:$A$361,'QALS - Inspection Lot Record'!$O$2:$O$361) -> Metformin Tablets (100 MG) | D90: 10 | E90: Potency | F90: =LOOKUP(A90,'QALS - Inspection Lot Record'!A:A,'QALS - Inspection Lot Record'!G:G) -> TG509538 | G90: =LOOKUP(A90,'QALS - Inspection Lot Record'!A:A,'QALS - Inspection Lot Record'!E:E) -> 45875 | H90: =IF(AND(P90<=O90,O90<=Q90),"A","R") -> R | I90: =F90 -> TG509538 | J90: =G90 -> 45875 | K90: =LOOKUP(A90,'QALS - Inspection Lot Record'!A:A,'QALS - Inspection Lot Record'!I:I) -> 0.105625 | L90: =G90 -> 45875 | M90: =K90+TIME(0,RANDBETWEEN(25,50),RANDBETWEEN(0,59)) -> 0.13488426 | O90: 93.2 | P90: 95 | Q90: 102
A91: 40000002512 | B91: 1 | C91: =LOOKUP(A91,'QALS - Inspection Lot Record'!$A$2:$A$361,'QALS - Inspection Lot Record'!$O$2:$O$361) -> Metformin Tablets (100 MG) | D91: 20 | E91: PH Level | F91: =LOOKUP(A91,'QALS - Inspection Lot Record'!A:A,'QALS - Inspection Lot Record'!G:G) -> TG509538 | G91: =LOOKUP(A91,'QALS - Inspection Lot Record'!A:A,'QALS - Inspection Lot Record'!E:E) -> 45875 | H91: =IF(AND(P91<=O91,O91<=Q91),"A","R") -> A | I91: =F91 -> TG509538 | J91: =G91 -> 45875 | K91: =LOOKUP(A91,'QALS - Inspection Lot Record'!A:A,'QALS - Inspection Lot Record'!I:I) -> 0.105625 | L91: =G91 -> 45875 | M91: =K91+TIME(0,RANDBETWEEN(25,50),RANDBETWEEN(0,59)) -> 0.13496528 | O91: 7.3 | P91: 3.5 | Q91: 11
A92: 40000002512 | B92: 1 | C92: =LOOKUP(A92,'QALS - Inspection Lot Record'!$A$2:$A$361,'QALS - Inspection Lot Record'!$O$2:$O$361) -> Metformin Tablets (100 MG) | D92: 30 | E92: Appearance | F92: =LOOKUP(A92,'QALS - Inspection Lot Record'!A:A,'QALS - Inspection Lot Record'!G:G) -> TG509538 | G92: =LOOKUP(A92,'QALS - Inspection Lot Record'!A:A,'QALS - Inspection Lot Record'!E:E) -> 45875 | H92: =IF(AND(P92<=O92,O92<=Q92),"A","R") -> A | I92: =F92 -> TG509538 | J92: =G92 -> 45875 | K92: =LOOKUP(A92,'QALS - Inspection Lot Record'!A:A,'QALS - Inspection Lot Record'!I:I) -> 0.105625 | L92: =G92 -> 45875 | M92: =K92+TIME(0,RANDBETWEEN(25,50),RANDBETWEEN(0,59)) -> 0.12646991 | N92: Complies
A93: 40000002512 | B93: 1 | C93: =LOOKUP(A93,'QALS - Inspection Lot Record'!$A$2:$A$361,'QALS - Inspection Lot Record'!$O$2:$O$361) -> Metformin Tablets (100 MG) | D93: 40 | E93: Impurities | F93: =LOOKUP(A93,'QALS - Inspection Lot Record'!A:A,'QALS - Inspection Lot Record'!G:G) -> TG509538 | G93: =LOOKUP(A93,'QALS - Inspection Lot Record'!A:A,'QALS - Inspection Lot Record'!E:E) -> 45875 | H93: =IF(AND(P93<=O93,O93<=Q93),"A","R") -> A | I93: =F93 -> TG509538 | J93: =G93 -> 45875 | K93: =LOOKUP(A93,'QALS - Inspection Lot Record'!A:A,'QALS - Inspection Lot Record'!I:I) -> 0.105625 | L93: =G93 -> 45875 | M93: =K93+TIME(0,RANDBETWEEN(25,50),RANDBETWEEN(0,59)) -> 0.13771991 | O93: 0.5 | P93: 0 | Q93: 1
A94: 40000002512 | B94: 1 | C94: =LOOKUP(A94,'QALS - Inspection Lot Record'!$A$2:$A$361,'QALS - Inspection Lot Record'!$O$2:$O$361) -> Metformin Tablets (100 MG) | D94: 50 | E94: Dissolution Rate - 15 Mins | F94: =LOOKUP(A94,'QALS - Inspection Lot Record'!A:A,'QALS - Inspection Lot Record'!G:G) -> TG509538 | G94: =LOOKUP(A94,'QALS - Inspection Lot Record'!A:A,'QALS - Inspection Lot Record'!E:E) -> 45875 | H94: =IF(AND(P94<=O94,O94<=Q94),"A","R") -> A | I94: =F94 -> TG509538 | J94: =G94 -> 45875 | K94: =LOOKUP(A94,'QALS - Inspection Lot Record'!A:A,'QALS - Inspection Lot Record'!I:I) -> 0.105625 | L94: =G94 -> 45875 | M94: =K94+TIME(0,RANDBETWEEN(25,50),RANDBETWEEN(0,59)) -> 0.13898148 | O94: 41.7 | P94: 40 | Q94: 60
A95: 40000002512 | B95: 1 | C95: =LOOKUP(A95,'QALS - Inspection Lot Record'!$A$2:$A$361,'QALS - Inspection Lot Record'!$O$2:$O$361) -> Metformin Tablets (100 MG) | D95: 60 | E95: Dissolution Rate - 30 Mins | F95: =LOOKUP(A95,'QALS - Inspection Lot Record'!A:A,'QALS - Inspection Lot Record'!G:G) -> TG509538 | G95: =LOOKUP(A95,'QALS - Inspection Lot Record'!A:A,'QALS - Inspection Lot Record'!E:E) -> 45875 | H95: =IF(AND(P95<=O95,O95<=Q95),"A","R") -> A | I95: =F95 -> TG509538 | J95: =G95 -> 45875 | K95: =LOOKUP(A95,'QALS - Inspection Lot Record'!A:A,'QALS - Inspection Lot Record'!I:I) -> 0.105625 | L95: =G95 -> 45875 | M95: =K95+TIME(0,RANDBETWEEN(25,50),RANDBETWEEN(0,59)) -> 0.13061343 | O95: 71.2 | P95: 70 | Q95: 85
A96: 40000002512 | B96: 1 | C96: =LOOKUP(A96,'QALS - Inspection Lot Record'!$A$2:$A$361,'QALS - Inspection Lot Record'!$O$2:$O$361) -> Metformin Tablets (100 MG) | D96: 70 | E96: Dissolution Rate - 40 Mins | F96: =LOOKUP(A96,'QALS - Inspection Lot Record'!A:A,'QALS - Inspection Lot Record'!G:G) -> TG509538 | G96: =LOOKUP(A96,'QALS - Inspection Lot Record'!A:A,'QALS - Inspection Lot Record'!E:E) -> 45875 | H96: =IF(AND(P96<=O96,O96<=Q96),"A","R") -> A | I96: =F96 -> TG509538 | J96: =G96 -> 45875 | K96: =LOOKUP(A96,'QALS - Inspection Lot Record'!A:A,'QALS - Inspection Lot Record'!I:I) -> 0.105625 | L96: =G96 -> 45875 | M96: =K96+TIME(0,RANDBETWEEN(25,50),RANDBETWEEN(0,59)) -> 0.12855324 | O96: 81.6 | P96: 80 | Q96: 90
A97: 40000002512 | B97: 1 | C97: =LOOKUP(A97,'QALS - Inspection Lot Record'!$A$2:$A$361,'QALS - Inspection Lot Record'!$O$2:$O$361) -> Metformin Tablets (100 MG) | D97: 80 | E97: Process Temp | F97: =LOOKUP(A97,'QALS - Inspection Lot Record'!A:A,'QALS - Inspection Lot Record'!G:G) -> TG509538 | G97: =LOOKUP(A97,'QALS - Inspection Lot Record'!A:A,'QALS - Inspection Lot Record'!E:E) -> 45875 | H97: =IF(AND(P97<=O97,O97<=Q97),"A","R") -> A | I97: =F97 -> TG509538 | J97: =G97 -> 45875 | K97: =LOOKUP(A97,'QALS - Inspection Lot Record'!A:A,'QALS - Inspection Lot Record'!I:I) -> 0.105625 | L97: =G97 -> 45875 | M97: =K97+TIME(0,RANDBETWEEN(25,50),RANDBETWEEN(0,59)) -> 0.12636574 | O97: 24 | P97: 23 | Q97: 25
A98: 40000002513 | B98: 1 | C98: =LOOKUP(A98,'QALS - Inspection Lot Record'!$A$2:$A$361,'QALS - Inspection Lot Record'!$O$2:$O$361) -> Metformin Tablets (500 MG) | D98: 10 | E98: Potency | F98: =LOOKUP(A98,'QALS - Inspection Lot Record'!A:A,'QALS - Inspection Lot Record'!G:G) -> ZK384180 | G98: =LOOKUP(A98,'QALS - Inspection Lot Record'!A:A,'QALS - Inspection Lot Record'!E:E) -> 45876 | H98: =IF(AND(P98<=O98,O98<=Q98),"A","R") -> A | I98: =F98 -> ZK384180 | J98: =G98 -> 45876 | K98: =LOOKUP(A98,'QALS - Inspection Lot Record'!A:A,'QALS - Inspection Lot Record'!I:I) -> 0.76216435 | L98: =G98 -> 45876 | M98: =K98+TIME(0,RANDBETWEEN(25,50),RANDBETWEEN(0,59)) -> 0.79634259 | O98: 100 | P98: 95 | Q98: 105
A99: 40000002513 | B99: 1 | C99: =LOOKUP(A99,'QALS - Inspection Lot Record'!$A$2:$A$361,'QALS - Inspection Lot Record'!$O$2:$O$361) -> Metformin Tablets (500 MG) | D99: 20 | E99: PH Level | F99: =LOOKUP(A99,'QALS - Inspection Lot Record'!A:A,'QALS - Inspection Lot Record'!G:G) -> ZK384180 | G99: =LOOKUP(A99,'QALS - Inspection Lot Record'!A:A,'QALS - Inspection Lot Record'!E:E) -> 45876 | H99: =IF(AND(P99<=O99,O99<=Q99),"A","R") -> A | I99: =F99 -> ZK384180 | J99: =G99 -> 45876 | K99: =LOOKUP(A99,'QALS - Inspection Lot Record'!A:A,'QALS - Inspection Lot Record'!I:I) -> 0.76216435 | L99: =G99 -> 45876 | M99: =K99+TIME(0,RANDBETWEEN(25,50),RANDBETWEEN(0,59)) -> 0.79685185 | O99: 7.25 | P99: 3.5 | Q99: 11
A100: 40000002513 | B100: 1 | C100: =LOOKUP(A100,'QALS - Inspection Lot Record'!$A$2:$A$361,'QALS - Inspection Lot Record'!$O$2:$O$361) -> Metformin Tablets (500 MG) | D100: 30 | E100: Appearance | F100: =LOOKUP(A100,'QALS - Inspection Lot Record'!A:A,'QALS - Inspection Lot Record'!G:G) -> ZK384180 | G100: =LOOKUP(A100,'QALS - Inspection Lot Record'!A:A,'QALS - Inspection Lot Record'!E:E) -> 45876 | H100: =IF(AND(P100<=O100,O100<=Q100),"A","R") -> A | I100: =F100 -> ZK384180 | J100: =G100 -> 45876 | K100: =LOOKUP(A100,'QALS - Inspection Lot Record'!A:A,'QALS - Inspection Lot Record'!I:I) -> 0.76216435 | L100: =G100 -> 45876 | M100: =K100+TIME(0,RANDBETWEEN(25,50),RANDBETWEEN(0,59)) -> 0.79001157 | N100: Complies
...

Sheet QAMR - Old
A1: Inspection Lot | B1: Node No | C1: Product Description | D1: Characteristic code | E1: Characteristic Desc | F1: Created by | G1: Created On | H1: Valuation | I1: Inspector | J1: StartDate | K1: StartTime | L1: EndDate | M1: EndTime | N1: Qualitative | O1: Quantative | P1: Min Value | Q1: Max Value
A2: 40000002201 | B2: 1 | C2: Ibuprofen Tables (100 MG) | D2: 10 | E2: Potency | F2: TG509538 | G2: 45406 | H2: A | I2: TG509538 | J2: 45406 | K2: 0.0069444444 | L2: 45406 | M2: 0.010416667 | O2: 98.5 | P2: 95 | Q2: 105
A3: 40000002201 | B3: 1 | C3: Ibuprofen Tables (100 MG) | D3: 20 | E3: PH Level | F3: TG509538 | G3: 45406 | H3: A | I3: TG509538 | J3: 45406 | K3: 0.013888889 | L3: 45406 | M3: 0.020833333 | O3: 6.2 | P3: 3.5 | Q3: 11.5
A4: 40000002201 | B4: 1 | C4: Ibuprofen Tables (100 MG) | D4: 30 | E4: Apperance | F4: TG509539 | G4: 45406 | H4: A | I4: TG509539 | J4: 45406 | K4: 0.020833333 | L4: 45406 | M4: 0.03125 | N4: Complies
A5: 40000002201 | B5: 1 | C5: Ibuprofen Tables (100 MG) | D5: 40 | E5: impurities | F5: TG509540 | G5: 45406 | H5: A | I5: TG509540 | J5: 45406 | K5: 0.027777778 | L5: 45406 | M5: 0.041666667 | O5: 0.5 | P5: 0 | Q5: 1
A6: 40000002201 | B6: 1 | C6: Ibuprofen Tables (100 MG) | D6: 50 | E6: Dissolution Rate (15 Mins) | F6: TG509541 | G6: 45406 | H6: A | I6: TG509541 | J6: 45406 | K6: 0.034722222 | L6: 45406 | M6: 0.052083333 | O6: 52.3 | P6: 40 | Q6: 60
A7: 40000002201 | B7: 1 | C7: Ibuprofen Tables (100 MG) | D7: 60 | E7: Dissolution Rate (30 Mins) | F7: TG509541 | G7: 45406 | H7: A | I7: TG509541 | J7: 45406 | K7: 0.041666667 | L7: 45406 | M7: 0.0625 | O7: 78.1 | P7: 70 | Q7: 85
A8: 40000002201 | B8: 1 | C8: Ibuprofen Tables (100 MG) | D8: 70 | E8: Dissolution Rate (40 Mins) | F8: TG509541 | G8: 45406 | P8: 80 | Q8: 90
A9: 40000002201 | B9: 1 | C9: Ibuprofen Tables (100 MG) | D9: 80 | E9: Process Temp | F9: TG509542 | G9: 45406 | H9: A | I9: TG509542 | J9: 45406 | K9: 0.055555556 | L9: 45406 | M9: 0.083333333 | O9: 25 | P9: 23 | Q9: 28
A10: 40000002351 | B10: 1 | C10: Metformin Tablets (100 MG) | D10: 10 | E10: Potency | F10: TG509542 | G10: 45400 | H10: A | I10: TG509541 | J10: 45400 | K10: 0.048611111 | L10: 45400 | M10: 0.054282407 | O10: 98.5 | P10: 95 | Q10: 105
A11: 40000002351 | B11: 1 | C11: Metformin Tablets (100 MG) | D11: 20 | E11: PH Level | F11: TG509542 | G11: 45400 | H11: A | I11: TG509541 | J11: 45400 | K11: 0.055555556 | L11: 45400 | M11: 0.10416667 | O11: 6.2 | P11: 3.5 | Q11: 11.5
A12: 40000002351 | B12: 1 | C12: Metformin Tablets (100 MG) | D12: 30 | E12: Apperance | F12: TG509542 | G12: 45400 | H12: A | I12: TG509541 | J12: 45400 | K12: 0.0625 | L12: 45400 | M12: 0.15405093 | N12: Complies
A13: 40000002351 | B13: 1 | C13: Metformin Tablets (100 MG) | D13: 40 | E13: impurities | F13: TG509542 | G13: 45400 | H13: A | I13: TG509541 | J13: 45400 | K13: 0.069444444 | L13: 45400 | M13: 0.20393519 | O13: 0.5 | P13: 0 | Q13: 1
A14: 40000002351 | B14: 1 | C14: Metformin Tablets (100 MG) | D14: 50 | E14: Dissolution Rate (15 Mins) | F14: TG509542 | G14: 45400 | H14: A | I14: TG509541 | J14: 45400 | K14: 0.076388889 | L14: 45400 | M14: 0.25381944 | O14: 54 | P14: 40 | Q14: 60
A15: 40000002351 | B15: 1 | C15: Metformin Tablets (100 MG) | D15: 60 | E15: Dissolution Rate (30 Mins) | F15: TG509542 | G15: 45400 | H15: A | I15: TG509541 | J15: 45400 | K15: 0.083333333 | L15: 45400 | M15: 0.3037037 | O15: 76 | P15: 70 | Q15: 85
A16: 40000002351 | B16: 1 | C16: Metformin Tablets (100 MG) | D16: 70 | E16: Dissolution Rate (40 Mins) | F16: TG509542 | G16: 45400 | H16: A | I16: TG509541 | J16: 45400 | K16: 0.090277778 | L16: 45400 | M16: 0.35358796 | O16: 82 | P16: 80 | Q16: 90
A17: 40000002351 | B17: 1 | C17: Metformin Tablets (100 MG) | D17: 80 | E17: Process Temp | F17: TG509542 | G17: 45400 | H17: A | I17: TG509541 | J17: 45400 | K17: 0.097222222 | L17: 45400 | M17: 0.40347222 | O17: 25 | P17: 23 | Q17: 25
A18: 40000002354 | B18: 1 | C18: Ibuprofen Tables (100 MG) | D18: 10 | E18: Potency | F18: TG509542 | G18: 45408 | H18: A | I18: TG509541 | J18: 45408 | K18: 0.090277778 | L18: 45408 | M18: 0.094444444 | O18: 98.5 | P18: 95 | Q18: 105
A19: 40000002354 | B19: 1 | C19: Ibuprofen Tables (100 MG) | D19: 20 | E19: PH Level | F19: TG509542 | G19: 45408 | H19: A | I19: TG509541 | J19: 45408 | K19: 0.09375 | L19: 45408 | M19: 0.10416667 | O19: 6.2 | P19: 3.5 | Q19: 11.5
A20: 40000002354 | B20: 1 | C20: Ibuprofen Tables (100 MG) | D20: 30 | E20: Apperance | F20: TG509542 | G20: 45408 | H20: A | I20: TG509541 | J20: 45408 | K20: 0.097222222 | L20: 45408 | M20: 0.11388889 | N20: Complies
A21: 40000002354 | B21: 1 | C21: Ibuprofen Tables (100 MG) | D21: 40 | E21: impurities | F21: TG509542 | G21: 45408 | H21: R | I21: TG509541 | J21: 45408 | K21: 0.10069444 | L21: 45408 | M21: 0.12361111 | O21: 1.2 | P21: 0 | Q21: 1
A22: 40000002354 | B22: 1 | C22: Ibuprofen Tables (100 MG) | D22: 50 | E22: Dissolution Rate (15 Mins) | F22: TG509542 | G22: 45408 | H22: A | I22: TG509541 | J22: 45408 | K22: 0.10416667 | L22: 45408 | M22: 0.13333333 | O22: 52.3 | P22: 40 | Q22: 60
A23: 40000002354 | B23: 1 | C23: Ibuprofen Tables (100 MG) | D23: 60 | E23: Dissolution Rate (30 Mins) | F23: TG509542 | G23: 45408 | H23: A | I23: TG509541 | J23: 45408 | K23: 0.10763889 | L23: 45408 | M23: 0.14305556 | O23: 78.1 | P23: 70 | Q23: 85
A24: 40000002354 | B24: 1 | C24: Ibuprofen Tables (100 MG) | D24: 70 | E24: Dissolution Rate (40 Mins) | F24: TG509542 | G24: 45408 | H24: A | I24: TG509541 | J24: 45408 | K24: 0.11111111 | L24: 45408 | M24: 0.15277778 | O24: 82 | P24: 80 | Q24: 90
A25: 40000002354 | B25: 1 | C25: Ibuprofen Tables (100 MG) | D25: 80 | E25: Process Temp | F25: TG509542 | G25: 45408 | H25: R | I25: TG509541 | J25: 45408 | K25: 0.11458333 | L25: 45408 | M25: 0.1625 | O25: 27 | P25: 23 | Q25: 25
A26: 40000002357 | B26: 1 | C26: Metformin Tablets (200 MG) | D26: 10 | E26: Potency | F26: TG509542 | G26: 45401 | H26: A | I26: TG509541 | J26: 45401 | K26: 0.12638889 | L26: 45401 | M26: 0.12986111 | O26: 98.5 | P26: 95 | Q26: 105
A27: 40000002357 | B27: 1 | C27: Metformin Tablets (200 MG) | D27: 20 | E27: PH Level | F27: TG509542 | G27: 45401 | H27: A | I27: TG509541 | J27: 45401 | K27: 0.12847222 | L27: 45401 | M27: 0.13541667 | O27: 6.2 | P27: 3.5 | Q27: 11.5
A28: 40000002357 | B28: 1 | C28: Metformin Tablets (200 MG) | D28: 30 | E28: Apperance | F28: TG509542 | G28: 45401 | H28: A | I28: TG509541 | J28: 45401 | K28: 0.13055556 | L28: 45401 | M28: 0.14097222 | N28: Complies
A29: 40000002357 | B29: 1 | C29: Metformin Tablets (200 MG) | D29: 40 | E29: impurities | F29: TG509542 | G29: 45401 | H29: A | I29: TG509541 | J29: 45401 | K29: 0.13263889 | L29: 45401 | M29: 0.14652778 | O29: 1.4 | P29: 1.2 | Q29: 2
A30: 40000002357 | B30: 1 | C30: Metformin Tablets (200 MG) | D30: 50 | E30: Dissolution Rate (15 Mins) | F30: TG509542 | G30: 45401 | H30: A | I30: TG509541 | J30: 45401 | K30: 0.13472222 | L30: 45401 | M30: 0.15208333 | O30: 52.3 | P30: 40 | Q30: 60
A31: 40000002357 | B31: 1 | C31: Metformin Tablets (200 MG) | D31: 60 | E31: Dissolution Rate (30 Mins) | F31: TG509542 | G31: 45401 | H31: A | I31: TG509541 | J31: 45401 | K31: 0.13680556 | L31: 45401 | M31: 0.15763889 | O31: 78.1 | P31: 70 | Q31: 85
A32: 40000002357 | B32: 1 | C32: Metformin Tablets (200 MG) | D32: 70 | E32: Dissolution Rate (40 Mins) | F32: TG509542 | G32: 45401 | H32: A | I32: TG509541 | J32: 45401 | K32: 0.13888889 | L32: 45401 | M32: 0.16319444 | O32: 87 | P32: 80 | Q32: 90
A33: 40000002357 | B33: 1 | C33: Metformin Tablets (200 MG) | D33: 80 | E33: Process Temp | F33: TG509542 | G33: 45401 | H33: A | I33: TG509541 | J33: 45401 | K33: 0.14097222 | L33: 45401 | M33: 0.16875 | O33: 25 | P33: 23 | Q33: 28
A34: 40000002359 | B34: 1 | C34: Ibuprofen Tables (250 MG) | D34: 10 | E34: Potency | F34: TG509542 | G34: 45396 | H34: A | I34: TG509541 | J34: 45398 | K34: 0.16805556 | L34: 45398 | M34: 0.17430556 | O34: 98.2 | P34: 95 | Q34: 102
A35: 40000002359 | B35: 1 | C35: Ibuprofen Tables (250 MG) | D35: 20 | E35: PH Level | F35: TG509542 | G35: 45396 | H35: A | I35: TG509541 | J35: 45398 | K35: 0.175 | L35: 45398 | M35: 0.17708333 | O35: 6.8 | P35: 6 | Q35: 7.5
A36: 40000002359 | B36: 1 | C36: Ibuprofen Tables (250 MG) | D36: 30 | E36: Apperance | F36: TG509542 | G36: 45396 | H36: A | I36: TG509541 | J36: 45398 | K36: 0.18194444 | L36: 45398 | M36: 0.17986111 | N36: Complies
A37: 40000002359 | B37: 1 | C37: Ibuprofen Tables (250 MG) | D37: 40 | E37: impurities | F37: TG509542 | G37: 45396 | H37: A | I37: TG509541 | J37: 45398 | K37: 0.18888889 | L37: 45398 | M37: 0.18263889 | O37: 0.5 | P37: 0 | Q37: 1
A38: 40000002359 | B38: 1 | C38: Ibuprofen Tables (250 MG) | D38: 50 | E38: Dissolution Rate (15 Mins) | F38: TG509542 | G38: 45396 | H38: A | I38: TG509541 | J38: 45398 | K38: 0.19583333 | L38: 45398 | M38: 0.18541667 | O38: 51 | P38: 40 | Q38: 60
A39: 40000002359 | B39: 1 | C39: Ibuprofen Tables (250 MG) | D39: 60 | E39: Dissolution Rate (30 Mins) | F39: TG509542 | G39: 45396 | H39: A | I39: TG509541 | J39: 45398 | K39: 0.20277778 | L39: 45398 | M39: 0.18819444 | O39: 75.4 | P39: 70 | Q39: 85
A40: 40000002359 | B40: 1 | C40: Ibuprofen Tables (250 MG) | D40: 70 | E40: Dissolution Rate (40 Mins) | F40: TG509542 | G40: 45396 | H40: A | I40: TG509541 | J40: 45398 | K40: 0.20972222 | L40: 45398 | M40: 0.19097222 | O40: 84 | P40: 80 | Q40: 90
A41: 40000002359 | B41: 1 | C41: Ibuprofen Tables (250 MG) | D41: 80 | E41: Process Temp | F41: TG509542 | G41: 45396 | H41: A | I41: TG509541 | J41: 45398 | K41: 0.21666667 | L41: 45398 | M41: 0.19375 | O41: 25 | P41: 23 | Q41: 28
A42: 40000002400 | B42: 1 | C42: Metformin Tablets (500 MG) | D42: 10 | E42: Potency | F42: TG509542 | G42: 45389 | H42: A | I42: TG509541 | J42: 45390 | K42: 0.12569444 | L42: 45390 | M42: 0.15972222 | O42: 98.5 | P42: 95 | Q42: 105
A43: 40000002400 | B43: 1 | C43: Metformin Tablets (500 MG) | D43: 20 | E43: PH Level | F43: TG509542 | G43: 45389 | H43: A | I43: TG509541 | J43: 45390 | K43: 0.13125 | L43: 45390 | M43: 0.1625 | O43: 6.2 | P43: 3.5 | Q43: 11.5
A44: 40000002400 | B44: 1 | C44: Metformin Tablets (500 MG) | D44: 30 | E44: Apperance | F44: TG509542 | G44: 45389 | H44: A | I44: TG509541 | J44: 45390 | K44: 0.13680556 | L44: 45390 | M44: 0.16527778 | N44: Complies
A45: 40000002400 | B45: 1 | C45: Metformin Tablets (500 MG) | D45: 40 | E45: impurities | F45: TG509542 | G45: 45389 | H45: R | I45: TG509541 | J45: 45390 | K45: 0.14236111 | L45: 45390 | M45: 0.16805556 | O45: 1.4 | P45: 1.2 | Q45: 2
A46: 40000002400 | B46: 1 | C46: Metformin Tablets (500 MG) | D46: 50 | E46: Dissolution Rate (15 Mins) | F46: TG509542 | G46: 45389 | H46: A | I46: TG509541 | J46: 45390 | K46: 0.14791667 | L46: 45390 | M46: 0.17083333 | O46: 52.3 | P46: 40 | Q46: 60
A47: 40000002400 | B47: 1 | C47: Metformin Tablets (500 MG) | D47: 60 | E47: Dissolution Rate (30 Mins) | F47: TG509542 | G47: 45389 | H47: A | I47: TG509541 | J47: 45390 | K47: 0.15347222 | L47: 45390 | M47: 0.17361111 | O47: 78.1 | P47: 70 | Q47: 85
A48: 40000002400 | B48: 1 | C48: Metformin Tablets (500 MG) | D48: 70 | E48: Dissolution Rate (40 Mins) | F48: TG509542 | G48: 45389 | H48: A | I48: TG509541 | J48: 45390 | K48: 0.15902778 | L48: 45390 | M48: 0.17638889 | O48: 83 | P48: 80 | Q48: 90
A49: 40000002400 | B49: 1 | C49: Metformin Tablets (500 MG) | D49: 80 | E49: Process Temp | F49: TG509542 | G49: 45389 | H49: A | I49: TG509541 | J49: 45390 | K49: 0.16458333 | L49: 45390 | M49: 0.17916667 | O49: 25 | P49: 23 | Q49: 28
A50: 40000002402 | B50: 1 | C50: Ibuprofen Tables (250 MG) | D50: 10 | E50: Potency | F50: TG509542 | G50: 45387 | H50: A | I50: TG509541 | J50: 45387 | K50: 0.25069444 | L50: 45387 | M50: 0.26388889 | O50: 98.2 | P50: 95 | Q50: 102
A51: 40000002402 | B51: 1 | C51: Ibuprofen Tables (250 MG) | D51: 20 | E51: PH Level | F51: TG509542 | G51: 45387 | H51: A | I51: TG509541 | J51: 45387 | K51: 0.25277778 | L51: 45387 | M51: 0.26666667 | O51: 6.8 | P51: 6 | Q51: 7.5
A52: 40000002402 | B52: 1 | C52: Ibuprofen Tables (250 MG) | D52: 30 | E52: Apperance | F52: TG509542 | G52: 45387 | H52: A | I52: TG509541 | J52: 45387 | K52: 0.25486111 | L52: 45387 | M52: 0.26944444 | N52: Complies
A53: 40000002402 | B53: 1 | C53: Ibuprofen Tables (250 MG) | D53: 40 | E53: impurities | F53: TG509542 | G53: 45387 | H53: R | I53: TG509541 | J53: 45387 | K53: 0.25694444 | L53: 45387 | M53: 0.27222222 | O53: 1.1 | P53: 0 | Q53: 1
A54: 40000002402 | B54: 1 | C54: Ibuprofen Tables (250 MG) | D54: 50 | E54: Dissolution Rate (15 Mins) | F54: TG509542 | G54: 45387 | H54: A | I54: TG509541 | J54: 45387 | K54: 0.25902778 | L54: 45387 | M54: 0.275 | O54: 51 | P54: 40 | Q54: 60
A55: 40000002402 | B55: 1 | C55: Ibuprofen Tables (250 MG) | D55: 60 | E55: Dissolution Rate (30 Mins) | F55: TG509542 | G55: 45387 | H55: R | I55: TG509541 | J55: 45387 | K55: 0.26111111 | L55: 45387 | M55: 0.27777778 | O55: 68 | P55: 70 | Q55: 85
A56: 40000002402 | B56: 1 | C56: Ibuprofen Tables (250 MG) | D56: 70 | E56: Dissolution Rate (40 Mins) | F56: TG509542 | G56: 45387 | H56: A | I56: TG509541 | J56: 45387 | K56: 0.26319444 | L56: 45387 | M56: 0.28055556 | O56: 84 | P56: 80 | Q56: 90
A57: 40000002402 | B57: 1 | C57: Ibuprofen Tables (250 MG) | D57: 80 | E57: Process Temp | F57: TG509542 | G57: 45387 | H57: A | I57: TG509541 | J57: 45387 | K57: 0.26527778 | L57: 45387 | M57: 0.28333333 | O57: 25 | P57: 23 | Q57: 28
A58: 40000002404 | B58: 1 | C58: Metformin Tablets (500 MG) | D58: 10 | E58: Potency | F58: TG509542 | G58: 45379 | H58: A | I58: TG509541 | J58: 45381 | K58: 0.29236111 | L58: 45381 | M58: 0.30277778 | O58: 98.5 | P58: 95 | Q58: 105
A59: 40000002404 | B59: 1 | C59: Metformin Tablets (500 MG) | D59: 20 | E59: PH Level | F59: TG509542 | G59: 45379 | H59: A | I59: TG509541 | J59: 45381 | K59: 0.29375 | L59: 45381 | M59: 0.30416667 | O59: 6.2 | P59: 3.5 | Q59: 11.5
A60: 40000002404 | B60: 1 | C60: Metformin Tablets (500 MG) | D60: 30 | E60: Apperance | F60: TG509542 | G60: 45379 | H60: A | I60: TG509541 | J60: 45381 | K60: 0.29513889 | L60: 45381 | M60: 0.30555556 | N60: Complies
A61: 40000002404 | B61: 1 | C61: Metformin Tablets (500 MG) | D61: 40 | E61: impurities | F61: TG509542 | G61: 45379 | H61: A | I61: TG509541 | J61: 45381 | K61: 0.29652778 | L61: 45381 | M61: 0.30694444 | O61: 1.5 | P61: 1 | Q61: 2
A62: 40000002404 | B62: 1 | C62: Metformin Tablets (500 MG) | D62: 50 | E62: Dissolution Rate (15 Mins) | F62: TG509542 | G62: 45379 | H62: A | I62: TG509541 | J62: 45381 | K62: 0.29791667 | L62: 45381 | M62: 0.30833333 | O62: 52.3 | P62: 40 | Q62: 60
A63: 40000002404 | B63: 1 | C63: Metformin Tablets (500 MG) | D63: 60 | E63: Dissolution Rate (30 Mins) | F63: TG509542 | G63: 45379 | H63: A | I63: TG509541 | J63: 45381 | K63: 0.29930556 | L63: 45381 | M63: 0.30972222 | O63: 78.1 | P63: 70 | Q63: 85
A64: 40000002404 | B64: 1 | C64: Metformin Tablets (500 MG) | D64: 70 | E64: Dissolution Rate (40 Mins) | F64: TG509542 | G64: 45379 | H64: A | I64: TG509541 | J64: 45381 | K64: 0.30069444 | L64: 45381 | M64: 0.31111111 | O64: 86 | P64: 80 | Q64: 90
A65: 40000002404 | B65: 1 | C65: Metformin Tablets (500 MG) | D65: 80 | E65: Process Temp | F65: TG509542 | G65: 45379 | H65: A | I65: TG509541 | J65: 45381 | K65: 0.30208333 | L65: 45381 | M65: 0.3125 | O65: 25 | P65: 23 | Q65: 28

Sheet CAPA
A1: NotificationID | B1: Plant | C1: Batch | D1: ProductDescription | E1: DeviationValue | F1: DefectCreatedDate | G1: ItemText | H1: ResolutionCreatedDate | I1: TaskText
A2: 200000501 | B2: 1010 | C2: 4001 | D2: =LOOKUP(CAPA!C2,'QALS - Inspection Lot Record'!P:P,'QALS - Inspection Lot Record'!O:O) -> Metformin Tablets (100 MG) | E2: 93.5 | F2: =IF(TODAY()>=LOOKUP(C2,'QALS - Inspection Lot Record'!P:P,'QALS - Inspection Lot Record'!J:J)+RANDBETWEEN(0,1),LOOKUP(C2,'QALS - Inspection Lot Record'!P:P,'QALS - Inspection Lot Record'!J:J)+RANDBETWEEN(0,1),"") -> 45871 | G2: Potency slightly below target | H2: =IF(TODAY()>=F2+RANDBETWEEN(0,2),F2+RANDBETWEEN(0,2),"") -> 45872 | I2: Increase concentration by 0.5%
A3: 200000501 | B3: 1010 | C3: 4001 | D3: =LOOKUP(CAPA!C3,'QALS - Inspection Lot Record'!P:P,'QALS - Inspection Lot Record'!O:O) -> Metformin Tablets (100 MG) | E3: 1.7 | F3: =IF(TODAY()>=LOOKUP(C3,'QALS - Inspection Lot Record'!P:P,'QALS - Inspection Lot Record'!J:J)+RANDBETWEEN(0,1),LOOKUP(C3,'QALS - Inspection Lot Record'!P:P,'QALS - Inspection Lot Record'!J:J)+RANDBETWEEN(0,1),"") -> 45870 | G3: pH significantly outside range | H3: =IF(TODAY()>=F3+RANDBETWEEN(0,2),F3+RANDBETWEEN(0,2),"") -> 45872 | I3: Reject batch, find root cause
A4: 200000502 | B4: 1010 | C4: 4002 | D4: =LOOKUP(CAPA!C4,'QALS - Inspection Lot Record'!P:P,'QALS - Inspection Lot Record'!O:O) -> Ibuprofen Tablets (100 MG) | E4: 94 | F4: =IF(TODAY()>=LOOKUP(C4,'QALS - Inspection Lot Record'!P:P,'QALS - Inspection Lot Record'!J:J)+RANDBETWEEN(0,1),LOOKUP(C4,'QALS - Inspection Lot Record'!P:P,'QALS - Inspection Lot Record'!J:J)+RANDBETWEEN(0,1),"") -> 45871 | G4: Potency slightly below target | H4: =IF(TODAY()>=F4+RANDBETWEEN(0,2),F4+RANDBETWEEN(0,2),"") -> 45871 | I4: Increase concentration by 0.5%
A5: 200000503 | B5: 1010 | C5: 4003 | D5: =LOOKUP(CAPA!C5,'QALS - Inspection Lot Record'!P:P,'QALS - Inspection Lot Record'!O:O) -> Metformin Tablets (100 MG) | E5: 1.2 | F5: =IF(TODAY()>=LOOKUP(C5,'QALS - Inspection Lot Record'!P:P,'QALS - Inspection Lot Record'!J:J)+RANDBETWEEN(0,1),LOOKUP(C5,'QALS - Inspection Lot Record'!P:P,'QALS - Inspection Lot Record'!J:J)+RANDBETWEEN(0,1),"") -> 45871 | G5: Impurity level exceeds specification | H5: =IF(TODAY()>=F5+RANDBETWEEN(0,2),F5+RANDBETWEEN(0,2),"") -> 45872 | I5: Investigate impurity source
A6: 200000503 | B6: 1010 | C6: 4003 | D6: =LOOKUP(CAPA!C6,'QALS - Inspection Lot Record'!P:P,'QALS - Inspection Lot Record'!O:O) -> Metformin Tablets (100 MG) | E6: 38.7 | F6: =IF(TODAY()>=LOOKUP(C6,'QALS - Inspection Lot Record'!P:P,'QALS - Inspection Lot Record'!J:J)+RANDBETWEEN(0,1),LOOKUP(C6,'QALS - Inspection Lot Record'!P:P,'QALS - Inspection Lot Record'!J:J)+RANDBETWEEN(0,1),"") -> 45871 | G6: Dissolution slightly below target | H6: =IF(TODAY()>=F6+RANDBETWEEN(0,2),F6+RANDBETWEEN(0,2),"") -> 45871 | I6: Revise criteria if needed
A7: 200000503 | B7: 1010 | C7: 4003 | D7: =LOOKUP(CAPA!C7,'QALS - Inspection Lot Record'!P:P,'QALS - Inspection Lot Record'!O:O) -> Metformin Tablets (100 MG) | E7: 68 | F7: =IF(TODAY()>=LOOKUP(C7,'QALS - Inspection Lot Record'!P:P,'QALS - Inspection Lot Record'!J:J)+RANDBETWEEN(0,1),LOOKUP(C7,'QALS - Inspection Lot Record'!P:P,'QALS - Inspection Lot Record'!J:J)+RANDBETWEEN(0,1),"") -> 45871 | G7: Dissolution slightly below target | H7: =IF(TODAY()>=F7+RANDBETWEEN(0,2),F7+RANDBETWEEN(0,2),"") -> 45872 | I7: Revise criteria if needed
A8: 200000504 | B8: 1010 | C8: 4004 | D8: =LOOKUP(CAPA!C8,'QALS - Inspection Lot Record'!P:P,'QALS - Inspection Lot Record'!O:O) -> Metformin Tablets (100 MG) | E8: 93.6 | F8: =IF(TODAY()>=LOOKUP(C8,'QALS - Inspection Lot Record'!P:P,'QALS - Inspection Lot Record'!J:J)+RANDBETWEEN(0,1),LOOKUP(C8,'QALS - Inspection Lot Record'!P:P,'QALS - Inspection Lot Record'!J:J)+RANDBETWEEN(0,1),"") -> 45871 | G8: Potency slightly below target | H8: =IF(TODAY()>=F8+RANDBETWEEN(0,2),F8+RANDBETWEEN(0,2),"") -> 45872 | I8: Increase concentration by 0.5%
A9: 200000504 | B9: 1010 | C9: 4004 | D9: =LOOKUP(CAPA!C9,'QALS - Inspection Lot Record'!P:P,'QALS - Inspection Lot Record'!O:O) -> Metformin Tablets (100 MG) | E9: 1.8 | F9: =IF(TODAY()>=LOOKUP(C9,'QALS - Inspection Lot Record'!P:P,'QALS - Inspection Lot Record'!J:J)+RANDBETWEEN(0,1),LOOKUP(C9,'QALS - Inspection Lot Record'!P:P,'QALS - Inspection Lot Record'!J:J)+RANDBETWEEN(0,1),"") -> 45871 | G9: pH significantly outside range | H9: =IF(TODAY()>=F9+RANDBETWEEN(0,2),F9+RANDBETWEEN(0,2),"") -> 45871 | I9: Reject batch, find root cause
A10: 200000504 | B10: 1010 | C10: 4004 | D10: =LOOKUP(CAPA!C10,'QALS - Inspection Lot Record'!P:P,'QALS - Inspection Lot Record'!O:O) -> Metformin Tablets (100 MG) | E10: 38.2 | F10: =IF(TODAY()>=LOOKUP(C10,'QALS - Inspection Lot Record'!P:P,'QALS - Inspection Lot Record'!J:J)+RANDBETWEEN(0,1),LOOKUP(C10,'QALS - Inspection Lot Record'!P:P,'QALS - Inspection Lot Record'!J:J)+RANDBETWEEN(0,1),"") -> 45872 | G10: Dissolution significantly below target | H10: =IF(TODAY()>=F10+RANDBETWEEN(0,2),F10+RANDBETWEEN(0,2),"") -> 45872 | I10: Reject batch, check coating
A11: 200000505 | B11: 1010 | C11: 4005 | D11: =LOOKUP(CAPA!C11,'QALS - Inspection Lot Record'!P:P,'QALS - Inspection Lot Record'!O:O) -> Metformin Tablets (500 MG) | E11: 93.9 | F11: =IF(TODAY()>=LOOKUP(C11,'QALS - Inspection Lot Record'!P:P,'QALS - Inspection Lot Record'!J:J)+RANDBETWEEN(0,1),LOOKUP(C11,'QALS - Inspection Lot Record'!P:P,'QALS - Inspection Lot Record'!J:J)+RANDBETWEEN(0,1),"") -> 45872 | G11: Potency near target | H11: =IF(TODAY()>=F11+RANDBETWEEN(0,2),F11+RANDBETWEEN(0,2),"") -> 45874 | I11: Increase monitoring by 10%
A12: 200000505 | B12: 1010 | C12: 4005 | D12: =LOOKUP(CAPA!C12,'QALS - Inspection Lot Record'!P:P,'QALS - Inspection Lot Record'!O:O) -> Metformin Tablets (500 MG) | E12: 22 | F12: =IF(TODAY()>=LOOKUP(C12,'QALS - Inspection Lot Record'!P:P,'QALS - Inspection Lot Record'!J:J)+RANDBETWEEN(0,1),LOOKUP(C12,'QALS - Inspection Lot Record'!P:P,'QALS - Inspection Lot Record'!J:J)+RANDBETWEEN(0,1),"") -> 45872 | G12: Process temp slightly below target | H12: =IF(TODAY()>=F12+RANDBETWEEN(0,2),F12+RANDBETWEEN(0,2),"") -> 45874 | I12: Within range, no action
A13: 200000506 | B13: 1010 | C13: 4008 | D13: =LOOKUP(CAPA!C13,'QALS - Inspection Lot Record'!P:P,'QALS - Inspection Lot Record'!O:O) -> Metformin Tablets (500 MG) | E13: 93.9 | F13: =IF(TODAY()>=LOOKUP(C13,'QALS - Inspection Lot Record'!P:P,'QALS - Inspection Lot Record'!J:J)+RANDBETWEEN(0,1),LOOKUP(C13,'QALS - Inspection Lot Record'!P:P,'QALS - Inspection Lot Record'!J:J)+RANDBETWEEN(0,1),"") -> 45874 | G13: Potency near target | H13: =IF(TODAY()>=F13+RANDBETWEEN(0,2),F13+RANDBETWEEN(0,2),"") -> 45876 | I13: Increase monitoring by 10%
... A375: 200000682 | B375: 1010 | C375: 4354 | D375: =LOOKUP(CAPA!C375,'QALS - Inspection Lot Record'!P:P,'QALS - Inspection Lot Record'!O:O) -> Aspirin Tablets (500 MG) | E375: 68.5 | F375: =IF(TODAY()>=LOOKUP(C375,'QALS - Inspection Lot Record'!P:P,'QALS - Inspection Lot Record'!J:J)+RANDBETWEEN(0,1),LOOKUP(C375,'QALS - Inspection Lot Record'!P:P,'QALS - Inspection Lot Record'!J:J)+RANDBETWEEN(0,1),"") -> 46047 | G375: Dissolution slightly below target | H375: =IF(TODAY()>=F375+RANDBETWEEN(0,2),F375+RANDBETWEEN(0,2),"") -> 46048 | I375: Revise criteria if needed
A376: 200000683 | B376: 1010 | C376: 4358 | D376: =LOOKUP(CAPA!C376,'QALS - Inspection Lot Record'!P:P,'QALS - Inspection Lot Record'!O:O) -> Metformin Tablets (100 MG) | E376: 93.1 | F376: =IF(TODAY()>=LOOKUP(C376,'QALS - Inspection Lot Record'!P:P,'QALS - Inspection Lot Record'!J:J)+RANDBETWEEN(0,1),LOOKUP(C376,'QALS - Inspection Lot Record'!P:P,'QALS - Inspection Lot Record'!J:J)+RANDBETWEEN(0,1),"") -> 46049 | G376: Potency slightly below target | H376: =TODAY() -> 46049 | I376: Increase concentration by 0.5%
A377: 200000683 | B377: 1010 | C377: 4358 | D377: =LOOKUP(CAPA!C377,'QALS - Inspection Lot Record'!P:P,'QALS - Inspection Lot Record'!O:O) -> Metformin Tablets (100 MG) | E377: 68 | F377: =IF(TODAY()>=LOOKUP(C377,'QALS - Inspection Lot Record'!P:P,'QALS - Inspection Lot Record'!J:J)+RANDBETWEEN(0,1),LOOKUP(C377,'QALS - Inspection Lot Record'!P:P,'QALS - Inspection Lot Record'!J:J)+RANDBETWEEN(0,1),"") -> 46049 | G377: Dissolution slightly below target | H377: =TODAY() -> 46049 | I377: Revise criteria if needed

Sheet CAPA-old
A1: NotificationID | B1: Plant | C1: Batch | D1: ProductDescription | E1: DeviationValue | F1: DefectCreatedDate | G1: ItemText | H1: ResolutionCreatedDate | I1: TaskText
A2: 200000501 | B2: 1010 | C2: 4001 | D2: =LOOKUP('CAPA-old'!C2,'QALS - Inspection Lot Record'!P:P,'QALS - Inspection Lot Record'!O:O) -> Metformin Tablets (100 MG) | E2: 93.5 | F2: =IF(TODAY()>=LOOKUP(C2,'QALS - Inspection Lot Record'!P:P,'QALS - Inspection Lot Record'!J:J)+RANDBETWEEN(0,1),LOOKUP(C2,'QALS - Inspection Lot Record'!P:P,'QALS - Inspection Lot Record'!J:J)+RANDBETWEEN(0,1),"") -> 45871 | G2: =IF(F2="","",'Reference CAPA - Test data'!G2) -> Potency out of spec | H2: =IF(TODAY()>=F2+RANDBETWEEN(0,2),F2+RANDBETWEEN(0,2),"") -> 45872 | I2: =IF(H2="","",'Reference CAPA - Test data'!I2) -> Improve formulation
A3: 200000501 | B3: 1010 | C3: 4001 | D3: =LOOKUP('CAPA-old'!C3,'QALS - Inspection Lot Record'!P:P,'QALS - Inspection Lot Record'!O:O) -> Metformin Tablets (100 MG) | E3: 1.7 | F3: =IF(TODAY()>=LOOKUP(C3,'QALS - Inspection Lot Record'!P:P,'QALS - Inspection Lot Record'!J:J)+RANDBETWEEN(0,1),LOOKUP(C3,'QALS - Inspection Lot Record'!P:P,'QALS - Inspection Lot Record'!J:J)+RANDBETWEEN(0,1),"") -> 45870 | G3: =IF(F3="","",'Reference CAPA - Test data'!G3) -> PH Level out of range | H3: =IF(TODAY()>=F3+RANDBETWEEN(0,2),F3+RANDBETWEEN(0,2),"") -> 45872 | I3: =IF(H3="","",'Reference CAPA - Test data'!I3) -> Training for operators
A4: 200000502 | B4: 1010 | C4: 4002 | D4: =LOOKUP('CAPA-old'!C4,'QALS - Inspection Lot Record'!P:P,'QALS - Inspection Lot Record'!O:O) -> Ibuprofen Tablets (100 MG) | E4: 94 | F4: =IF(TODAY()>=LOOKUP(C4,'QALS - Inspection Lot Record'!P:P,'QALS - Inspection Lot Record'!J:J)+RANDBETWEEN(0,1),LOOKUP(C4,'QALS - Inspection Lot Record'!P:P,'QALS - Inspection Lot Record'!J:J)+RANDBETWEEN(0,1),"") -> 45871 | G4: =IF(F4="","",'Reference CAPA - Test data'!G4) -> Potency out of spec | H4: =IF(TODAY()>=F4+RANDBETWEEN(0,2),F4+RANDBETWEEN(0,2),"") -> 45871 | I4: =IF(H4="","",'Reference CAPA - Test data'!I4) -> Training for operators
A5: 200000503 | B5: 1010 | C5: 4003 | D5: =LOOKUP('CAPA-old'!C5,'QALS - Inspection Lot Record'!P:P,'QALS - Inspection Lot Record'!O:O) -> Metformin Tablets (100 MG) | E5: 1.2 | F5: =IF(TODAY()>=LOOKUP(C5,'QALS - Inspection Lot Record'!P:P,'QALS - Inspection Lot Record'!J:J)+RANDBETWEEN(0,1),LOOKUP(C5,'QALS - Inspection Lot Record'!P:P,'QALS - Inspection Lot Record'!J:J)+RANDBETWEEN(0,1),"") -> 45872 | G5: =IF(F5="","",'Reference CAPA - Test data'!G5) -> Impurities out of limit | H5: =IF(TODAY()>=F5+RANDBETWEEN(0,2),F5+RANDBETWEEN(0,2),"") -> 45873 | I5: =IF(H5="","",'Reference CAPA - Test data'!I5) -> Supplier evaluation
A6: 200000503 | B6: 1010 | C6: 4003 | D6: =LOOKUP('CAPA-old'!C6,'QALS - Inspection Lot Record'!P:P,'QALS - Inspection Lot Record'!O:O) -> Metformin Tablets (100 MG) | E6: 38.7 | F6: =IF(TODAY()>=LOOKUP(C6,'QALS - Inspection Lot Record'!P:P,'QALS - Inspection Lot Record'!J:J)+RANDBETWEEN(0,1),LOOKUP(C6,'QALS - Inspection Lot Record'!P:P,'QALS - Inspection Lot Record'!J:J)+RANDBETWEEN(0,1),"") -> 45871 | G6: =IF(F6="","",'Reference CAPA - Test data'!G6) -> Dissolution rate low - 15 mins | H6: =IF(TODAY()>=F6+RANDBETWEEN(0,2),F6+RANDBETWEEN(0,2),"") -> 45872 | I6: =IF(H6="","",'Reference CAPA - Test data'!I6) -> Increase agitation
A7: 200000503 | B7: 1010 | C7: 4003 | D7: =LOOKUP('CAPA-old'!C7,'QALS - Inspection Lot Record'!P:P,'QALS - Inspection Lot Record'!O:O) -> Metformin Tablets (100 MG) | E7: 68 | F7: =IF(TODAY()>=LOOKUP(C7,'QALS - Inspection Lot Record'!P:P,'QALS - Inspection Lot Record'!J:J)+RANDBETWEEN(0,1),LOOKUP(C7,'QALS - Inspection Lot Record'!P:P,'QALS - Inspection Lot Record'!J:J)+RANDBETWEEN(0,1),"") -> 45872 | G7: =IF(F7="","",'Reference CAPA - Test data'!G7) -> Dissolution rate low - 30 mins | H7: =IF(TODAY()>=F7+RANDBETWEEN(0,2),F7+RANDBETWEEN(0,2),"") -> 45872 | I7: =IF(H7="","",'Reference CAPA - Test data'!I7) -> Update production SOP
A8: 200000504 | B8: 1010 | C8: 4004 | D8: =LOOKUP('CAPA-old'!C8,'QALS - Inspection Lot Record'!P:P,'QALS - Inspection Lot Record'!O:O) -> Metformin Tablets (100 MG) | E8: 93.6 | F8: =IF(TODAY()>=LOOKUP(C8,'QALS - Inspection Lot Record'!P:P,'QALS - Inspection Lot Record'!J:J)+RANDBETWEEN(0,1),LOOKUP(C8,'QALS - Inspection Lot Record'!P:P,'QALS - Inspection Lot Record'!J:J)+RANDBETWEEN(0,1),"") -> 45872 | G8: =IF(F8="","",'Reference CAPA - Test data'!G8) -> Potency out of spec | H8: =IF(TODAY()>=F8+RANDBETWEEN(0,2),F8+RANDBETWEEN(0,2),"") -> 45872 | I8: =IF(H8="","",'Reference CAPA - Test data'!I8) -> Additional testing
A9: 200000504 | B9: 1010 | C9: 4004 | D9: =LOOKUP('CAPA-old'!C9,'QALS - Inspection Lot Record'!P:P,'QALS - Inspection Lot Record'!O:O) -> Metformin Tablets (100 MG) | E9: 1.8 | F9: =IF(TODAY()>=LOOKUP(C9,'QALS - Inspection Lot Record'!P:P,'QALS - Inspection Lot Record'!J:J)+RANDBETWEEN(0,1),LOOKUP(C9,'QALS - Inspection Lot Record'!P:P,'QALS - Inspection Lot Record'!J:J)+RANDBETWEEN(0,1),"") -> 45871 | G9: =IF(F9="","",'Reference CAPA - Test data'!G9) -> PH Level out of range | H9: =IF(TODAY()>=F9+RANDBETWEEN(0,2),F9+RANDBETWEEN(0,2),"") -> 45871 | I9: =IF(H9="","",'Reference CAPA - Test data'!I9) -> Supplier evaluation
A10: 200000504 | B10: 1010 | C10: 4004 | D10: =LOOKUP('CAPA-old'!C10,'QALS - Inspection Lot Record'!P:P,'QALS - Inspection Lot Record'!O:O) -> Metformin Tablets (100 MG) | E10: 38.2 | F10: =IF(TODAY()>=LOOKUP(C10,'QALS - Inspection Lot Record'!P:P,'QALS - Inspection Lot Record'!J:J)+RANDBETWEEN(0,1),LOOKUP(C10,'QALS - Inspection Lot Record'!P:P,'QALS - Inspection Lot Record'!J:J)+RANDBETWEEN(0,1),"") -> 45871 | G10: =IF(F10="","",'Reference CAPA - Test data'!G10) -> Dissolution rate low - 15 mins | H10: =IF(TODAY()>=F10+RANDBETWEEN(0,2),F10+RANDBETWEEN(0,2),"") -> 45871 | I10: =IF(H10="","",'Reference CAPA - Test data'!I10) -> Update production SOP
A11: 200000505 | B11: 1010 | C11: 4005 | D11: =LOOKUP('CAPA-old'!C11,'QALS - Inspection Lot Record'!P:P,'QALS - Inspection Lot Record'!O:O) -> Metformin Tablets (500 MG) | E11: 93.9 | F11: =IF(TODAY()>=LOOKUP(C11,'QALS - Inspection Lot Record'!P:P,'QALS - Inspection Lot Record'!J:J)+RANDBETWEEN(0,1),LOOKUP(C11,'QALS - Inspection Lot Record'!P:P,'QALS - Inspection Lot Record'!J:J)+RANDBETWEEN(0,1),"") -> 45872 | G11: =IF(F11="","",'Reference CAPA - Test data'!G11) -> Potency out of spec | H11: =IF(TODAY()>=F11+RANDBETWEEN(0,2),F11+RANDBETWEEN(0,2),"") -> 45872 | I11: =IF(H11="","",'Reference CAPA - Test data'!I11) -> Supplier evaluation
A12: 200000505 | B12: 1010 | C12: 4005 | D12: =LOOKUP('CAPA-old'!C12,'QALS - Inspection Lot Record'!P:P,'QALS - Inspection Lot Record'!O:O) -> Metformin Tablets (500 MG) | E12: 22 | F12: =IF(TODAY()>=LOOKUP(C12,'QALS - Inspection Lot Record'!P:P,'QALS - Inspection Lot Record'!J:J)+RANDBETWEEN(0,1),LOOKUP(C12,'QALS - Inspection Lot Record'!P:P,'QALS - Inspection Lot Record'!J:J)+RANDBETWEEN(0,1),"") -> 45872 | G12: =IF(F12="","",'Reference CAPA - Test data'!G12) -> Process temp out of range | H12: =IF(TODAY()>=F12+RANDBETWEEN(0,2),F12+RANDBETWEEN(0,2),"") -> 45874 | I12: =IF(H12="","",'Reference CAPA - Test data'!I12) -> Training for operators
A13: 200000506 | B13: 1010 | C13: 4008 | D13: =LOOKUP('CAPA-old'!C13,'QALS - Inspection Lot Record'!P:P,'QALS - Inspection Lot Record'!O:O) -> Metformin Tablets (500 MG) | E13: 93.9 | F13: =IF(TODAY()>=LOOKUP(C13,'QALS - Inspection Lot Record'!P:P,'QALS - Inspection Lot Record'!J:J)+RANDBETWEEN(0,1),LOOKUP(C13,'QALS - Inspection Lot Record'!P:P,'QALS - Inspection Lot Record'!J:J)+RANDBETWEEN(0,1),"") -> 45873 | G13: =IF(F13="","",'Reference CAPA - Test data'!G13) -> Potency out of spec | H13: =IF(TODAY()>=F13+RANDBETWEEN(0,2),F13+RANDBETWEEN(0,2),"") -> 45873 | I13: =IF(H13="","",'Reference CAPA - Test data'!I13) -> Equipment calibration
... A377: 200000683 | B377: 1010 | C377: 4358 | D377: =LOOKUP('CAPA-old'!C377,'QALS - Inspection Lot Record'!P:P,'QALS - Inspection Lot Record'!O:O) -> Metformin Tablets (100 MG) | E377: 68 | F377: =IF(TODAY()>=LOOKUP(C377,'QALS - Inspection Lot Record'!P:P,'QALS - Inspection Lot Record'!J:J)+RANDBETWEEN(0,1),LOOKUP(C377,'QALS - Inspection Lot Record'!P:P,'QALS - Inspection Lot Record'!J:J)+RANDBETWEEN(0,1),"") -> 46048 | G377: =IF(F377="","",'Reference CAPA - Test data'!G377) -> Dissolution rate low - 30 mins | H377: =IF(TODAY()>=F377+RANDBETWEEN(0,2),F377+RANDBETWEEN(0,2),"") -> 46049 | I377: =IF(H377="","",'Reference CAPA - Test data'!I377) -> Training for operators

Sheet Reference CAPA - Test data
A1: NotificationID | B1: Plant | C1: Batch | D1: ProductDescription | E1: DeviationValue | F1: DefectCreatedDate | G1: ItemText | H1: ResolutionCreatedDate | I1: TaskText
A2: 200000501 | B2: 1010 | C2: 4001 | D2: =LOOKUP('CAPA-old'!C2,'QALS - Inspection Lot Record'!P:P,'QALS - Inspection Lot Record'!O:O) -> Metformin Tablets (100 MG) | E2: 93.5 | F2: =IF(TODAY()>=LOOKUP(C2,'QALS - Inspection Lot Record'!P:P,'QALS - Inspection Lot Record'!J:J)+RANDBETWEEN(0,1),LOOKUP(C2,'QALS - Inspection Lot Record'!P:P,'QALS - Inspection Lot Record'!J:J)+RANDBETWEEN(0,1),"") -> 45870 | G2: Potency out of spec | H2: 45248 | I2: Improve formulation
A3: 200000501 | B3: 1010 | C3: 4001 | D3: =LOOKUP('CAPA-old'!C3,'QALS - Inspection Lot Record'!P:P,'QALS - Inspection Lot Record'!O:O) -> Metformin Tablets (100 MG) | E3: 1.7 | F3: =IF(TODAY()>=LOOKUP(C3,'QALS - Inspection Lot Record'!P:P,'QALS - Inspection Lot Record'!J:J)+RANDBETWEEN(0,1),LOOKUP(C3,'QALS - Inspection Lot Record'!P:P,'QALS - Inspection Lot Record'!J:J)+RANDBETWEEN(0,1),"") -> 45870 | G3: PH Level out of range | H3: 45250 | I3: Training for operators
A4: 200000502 | B4: 1010 | C4: 4002 | D4: =LOOKUP('CAPA-old'!C4,'QALS - Inspection Lot Record'!P:P,'QALS - Inspection Lot Record'!O:O) -> Ibuprofen Tablets (100 MG) | E4: 94 | F4: =IF(TODAY()>=LOOKUP(C4,'QALS - Inspection Lot Record'!P:P,'QALS - Inspection Lot Record'!J:J)+RANDBETWEEN(0,1),LOOKUP(C4,'QALS - Inspection Lot Record'!P:P,'QALS - Inspection Lot Record'!J:J)+RANDBETWEEN(0,1),"") -> 45871 | G4: Potency out of spec | H4: 45250 | I4: Training for operators
A5: 200000503 | B5: 1010 | C5: 4003 | D5: =LOOKUP('CAPA-old'!C5,'QALS - Inspection Lot Record'!P:P,'QALS - Inspection Lot Record'!O:O) -> Metformin Tablets (100 MG) | E5: 1.2 | F5: =IF(TODAY()>=LOOKUP(C5,'QALS - Inspection Lot Record'!P:P,'QALS - Inspection Lot Record'!J:J)+RANDBETWEEN(0,1),LOOKUP(C5,'QALS - Inspection Lot Record'!P:P,'QALS - Inspection Lot Record'!J:J)+RANDBETWEEN(0,1),"") -> 45871 | G5: Impurities out of limit | H5: 45250 | I5: Supplier evaluation
A6: 200000503 | B6: 1010 | C6: 4003 | D6: =LOOKUP('CAPA-old'!C6,'QALS - Inspection Lot Record'!P:P,'QALS - Inspection Lot Record'!O:O) -> Metformin Tablets (100 MG) | E6: 38.7 | F6: =IF(TODAY()>=LOOKUP(C6,'QALS - Inspection Lot Record'!P:P,'QALS - Inspection Lot Record'!J:J)+RANDBETWEEN(0,1),LOOKUP(C6,'QALS - Inspection Lot Record'!P:P,'QALS - Inspection Lot Record'!J:J)+RANDBETWEEN(0,1),"") -> 45872 | G6: Dissolution rate low - 15 mins | H6: 45248 | I6: Increase agitation
A7: 200000503 | B7: 1010 | C7: 4003 | D7: =LOOKUP('CAPA-old'!C7,'QALS - Inspection Lot Record'!P:P,'QALS - Inspection Lot Record'!O:O) -> Metformin Tablets (100 MG) | E7: 68 | F7: =IF(TODAY()>=LOOKUP(C7,'QALS - Inspection Lot Record'!P:P,'QALS - Inspection Lot Record'!J:J)+RANDBETWEEN(0,1),LOOKUP(C7,'QALS - Inspection Lot Record'!P:P,'QALS - Inspection Lot Record'!J:J)+RANDBETWEEN(0,1),"") -> 45871 | G7: Dissolution rate low - 30 mins | H7: 45250 | I7: Update production SOP
A8: 200000504 | B8: 1010 | C8: 4004 | D8: =LOOKUP('CAPA-old'!C8,'QALS - Inspection Lot Record'!P:P,'QALS - Inspection Lot Record'!O:O) -> Metformin Tablets (100 MG) | E8: 93.6 | F8: =IF(TODAY()>=LOOKUP(C8,'QALS - Inspection Lot Record'!P:P,'QALS - Inspection Lot Record'!J:J)+RANDBETWEEN(0,1),LOOKUP(C8,'QALS - Inspection Lot Record'!P:P,'QALS - Inspection Lot Record'!J:J)+RANDBETWEEN(0,1),"") -> 45871 | G8: Potency out of spec | H8: 45249 | I8: Additional testing
A9: 200000504 | B9: 1010 | C9: 4004 | D9: =LOOKUP('CAPA-old'!C9,'QALS - Inspection Lot Record'!P:P,'QALS - Inspection Lot Record'!O:O) -> Metformin Tablets (100 MG) | E9: 1.8 | F9: =IF(TODAY()>=LOOKUP(C9,'QALS - Inspection Lot Record'!P:P,'QALS - Inspection Lot Record'!J:J)+RANDBETWEEN(0,1),LOOKUP(C9,'QALS - Inspection Lot Record'!P:P,'QALS - Inspection Lot Record'!J:J)+RANDBETWEEN(0,1),"") -> 45872 | G9: PH Level out of range | H9: 45251 | I9: Supplier evaluation
A10: 200000504 | B10: 1010 | C10: 4004 | D10: =LOOKUP('CAPA-old'!C10,'QALS - Inspection Lot Record'!P:P,'QALS - Inspection Lot Record'!O:O) -> Metformin Tablets (100 MG) | E10: 38.2 | F10: =IF(TODAY()>=LOOKUP(C10,'QALS - Inspection Lot Record'!P:P,'QALS - Inspection Lot Record'!J:J)+RANDBETWEEN(0,1),LOOKUP(C10,'QALS - Inspection Lot Record'!P:P,'QALS - Inspection Lot Record'!J:J)+RANDBETWEEN(0,1),"") -> 45872 | G10: Dissolution rate low - 15 mins | H10: 45249 | I10: Update production SOP
A11: 200000505 | B11: 1010 | C11: 4005 | D11: =LOOKUP('CAPA-old'!C11,'QALS - Inspection Lot Record'!P:P,'QALS - Inspection Lot Record'!O:O) -> Metformin Tablets (500 MG) | E11: 93.9 | F11: =IF(TODAY()>=LOOKUP(C11,'QALS - Inspection Lot Record'!P:P,'QALS - Inspection Lot Record'!J:J)+RANDBETWEEN(0,1),LOOKUP(C11,'QALS - Inspection Lot Record'!P:P,'QALS - Inspection Lot Record'!J:J)+RANDBETWEEN(0,1),"") -> 45873 | G11: Potency out of spec | H11: 45251 | I11: Supplier evaluation
A12: 200000505 | B12: 1010 | C12: 4005 | D12: =LOOKUP('CAPA-old'!C12,'QALS - Inspection Lot Record'!P:P,'QALS - Inspection Lot Record'!O:O) -> Metformin Tablets (500 MG) | E12: 22 | F12: =IF(TODAY()>=LOOKUP(C12,'QALS - Inspection Lot Record'!P:P,'QALS - Inspection Lot Record'!J:J)+RANDBETWEEN(0,1),LOOKUP(C12,'QALS - Inspection Lot Record'!P:P,'QALS - Inspection Lot Record'!J:J)+RANDBETWEEN(0,1),"") -> 45872 | G12: Process temp out of range | H12: 45252 | I12: Training for operators
A13: 200000506 | B13: 1010 | C13: 4008 | D13: =LOOKUP('CAPA-old'!C13,'QALS - Inspection Lot Record'!P:P,'QALS - Inspection Lot Record'!O:O) -> Metformin Tablets (500 MG) | E13: 93.9 | F13: =IF(TODAY()>=LOOKUP(C13,'QALS - Inspection Lot Record'!P:P,'QALS - Inspection Lot Record'!J:J)+RANDBETWEEN(0,1),LOOKUP(C13,'QALS - Inspection Lot Record'!P:P,'QALS - Inspection Lot Record'!J:J)+RANDBETWEEN(0,1),"") -> 45874 | G13: Potency out of spec | H13: 45251 | I13: Equipment calibration
... A377: 200000683 | B377: 1010 | C377: 4358 | D377: =LOOKUP('CAPA-old'!C377,'QALS - Inspection Lot Record'!P:P,'QALS - Inspection Lot Record'!O:O) -> Metformin Tablets (100 MG) | E377: 68 | F377: =IF(TODAY()>=LOOKUP(C377,'QALS - Inspection Lot Record'!P:P,'QALS - Inspection Lot Record'!J:J)+RANDBETWEEN(0,1),LOOKUP(C377,'QALS - Inspection Lot Record'!P:P,'QALS - Inspection Lot Record'!J:J)+RANDBETWEEN(0,1),"") -> 46048 | G377: Dissolution rate low - 30 mins | H377: 45425 | I377: Training for operators

Sheet CAPA-backup
A1: NotificationID | B1: Plant | C1: Batch | D1: ProductDescription | E1: DeviationValue | F1: DefectCreatedDate | G1: ItemText | H1: ResolutionCreatedDate | I1: TaskText
A2: 200000501 | B2: 1010 | C2: 4001 | D2: Metformin Tablets (100 MG) | E2: 93.5 | F2: =LOOKUP(C2,'QALS - Inspection Lot Record'!P:P,'QALS - Inspection Lot Record'!E:E)+RANDBETWEEN(0,1) -> 45871 | G2: Potency out of spec | H2: =IF(TODAY()>=F2+RANDBETWEEN(0,2), F2+RANDBETWEEN(0,2),"") -> 45872 | I2: {=_xlfn.IFS(G2="Potency out of spec",CHOOSE(RANDBETWEEN(1,6),"Additional testing","Improve formulation","Update production SOP","Supplier evaluation","Training for operators","Equipment calibration"), G2="PH Level out of range",CHOOSE(RANDBETWEEN(1,6),"PH monitoring","Adjust formulation","Update production SOP","Supplier evaluation","Training for operators","Equipment calibration"), G2="Impurities out of limit",CHOOSE(RANDBETWEEN(1,6),"Improve purification","Raw material control","Update production SOP","Supplier evaluation","Training for operators","Equipment maintenance"), G2="Process temp out of range",CHOOSE(RANDBETWEEN(1,6),"Temperature control","Update production SOP","Supplier evaluation","Training for operators", "Equipment calibration","Preventive maintenance"), G2="Dissolution rate low - 15 mins",CHOOSE(RANDBETWEEN(1,6),"Increase agitation","Reduce particle size","Update production SOP","Supplier evaluation", "Training for operators","Equipment calibration"), G2="Dissolution rate low - 30 mins",CHOOSE(RANDBETWEEN(1,6),"Increase disintegrant","Optimize granulation","Update production SOP","Supplier evaluation", "Training for operators","Equipment calibration"), G2="Dissolution rate low - 40 mins",CHOOSE(RANDBETWEEN(1,6),"Increase surface area","Optimize compression","Update production SOP","Supplier evaluation", "Training for operators","Equipment calibration"), G2="Dissolution rate high - 15 mins",CHOOSE(RANDBETWEEN(1,6),"Decrease agitation","Increase particle size","Update production SOP","Supplier evaluation","Training for operators","Equipment calibration"), G2="Dissolution rate high - 30 mins",CHOOSE(RANDBETWEEN(1,6),"Decrease disintegrant","Optimize granulation","Update production SOP","Supplier evaluation","Training for operators","Equipment calibration"), G2="Dissolution rate high - 40 mins",CHOOSE(RANDBETWEEN(1,6),"Decrease surface area","Optimize compression","Update production SOP","Supplier evaluation","Training for operators","Equipment calibration"))} -> Equipment calibration
A3: 200000501 | B3: 1010 | C3: 4001 | D3: Metformin Tablets (100 MG) | E3: 1.7 | F3: =LOOKUP(C3,'QALS - Inspection Lot Record'!P:P,'QALS - Inspection Lot Record'!E:E)+RANDBETWEEN(0,1) -> 45871 | G3: PH Level out of range | H3: =IF(TODAY()>=F3+RANDBETWEEN(0,2), F3+RANDBETWEEN(0,2),"") -> 45871 | I3: {=_xlfn.IFS(G3="Potency out of spec",CHOOSE(RANDBETWEEN(1,6),"Additional testing","Improve formulation","Update production SOP","Supplier evaluation","Training for operators","Equipment calibration"), G3="PH Level out of range",CHOOSE(RANDBETWEEN(1,6),"PH monitoring","Adjust formulation","Update production SOP","Supplier evaluation","Training for operators","Equipment calibration"), G3="Impurities out of limit",CHOOSE(RANDBETWEEN(1,6),"Improve purification","Raw material control","Update production SOP","Supplier evaluation","Training for operators","Equipment maintenance"), G3="Process temp out of range",CHOOSE(RANDBETWEEN(1,6),"Temperature control","Update production SOP","Supplier evaluation","Training for operators", "Equipment calibration","Preventive maintenance"), G3="Dissolution rate low - 15 mins",CHOOSE(RANDBETWEEN(1,6),"Increase agitation","Reduce particle size","Update production SOP","Supplier evaluation", "Training for operators","Equipment calibration"), G3="Dissolution rate low - 30 mins",CHOOSE(RANDBETWEEN(1,6),"Increase disintegrant","Optimize granulation","Update production SOP","Supplier evaluation", "Training for operators","Equipment calibration"), G3="Dissolution rate low - 40 mins",CHOOSE(RANDBETWEEN(1,6),"Increase surface area","Optimize compression","Update production SOP","Supplier evaluation", "Training for operators","Equipment calibration"), G3="Dissolution rate high - 15 mins",CHOOSE(RANDBETWEEN(1,6),"Decrease agitation","Increase particle size","Update production SOP","Supplier evaluation","Training for operators","Equipment calibration"), G3="Dissolution rate high - 30 mins",CHOOSE(RANDBETWEEN(1,6),"Decrease disintegrant","Optimize granulation","Update production SOP","Supplier evaluation","Training for operators","Equipment calibration"), G3="Dissolution rate high - 40 mins",CHOOSE(RANDBETWEEN(1,6),"Decrease surface area","Optimize compression","Update production SOP","Supplier evaluation","Training for operators","Equipment calibration"))} -> Supplier evaluation
A4: 200000502 | B4: 1010 | C4: 4002 | D4: Ibuprofen Tablets (100 MG) | E4: 94 | F4: =LOOKUP(C4,'QALS - Inspection Lot Record'!P:P,'QALS - Inspection Lot Record'!E:E)+RANDBETWEEN(0,1) -> 45870 | G4: Potency out of spec | H4: =IF(TODAY()>=F4+RANDBETWEEN(0,2), F4+RANDBETWEEN(0,2),"") -> 45870 | I4: {=_xlfn.IFS(G4="Potency out of spec",CHOOSE(RANDBETWEEN(1,6),"Additional testing","Improve formulation","Update production SOP","Supplier evaluation","Training for operators","Equipment calibration"), G4="PH Level out of range",CHOOSE(RANDBETWEEN(1,6),"PH monitoring","Adjust formulation","Update production SOP","Supplier evaluation","Training for operators","Equipment calibration"), G4="Impurities out of limit",CHOOSE(RANDBETWEEN(1,6),"Improve purification","Raw material control","Update production SOP","Supplier evaluation","Training for operators","Equipment maintenance"), G4="Process temp out of range",CHOOSE(RANDBETWEEN(1,6),"Temperature control","Update production SOP","Supplier evaluation","Training for operators", "Equipment calibration","Preventive maintenance"), G4="Dissolution rate low - 15 mins",CHOOSE(RANDBETWEEN(1,6),"Increase agitation","Reduce particle size","Update production SOP","Supplier evaluation", "Training for operators","Equipment calibration"), G4="Dissolution rate low - 30 mins",CHOOSE(RANDBETWEEN(1,6),"Increase disintegrant","Optimize granulation","Update production SOP","Supplier evaluation", "Training for operators","Equipment calibration"), G4="Dissolution rate low - 40 mins",CHOOSE(RANDBETWEEN(1,6),"Increase surface area","Optimize compression","Update production SOP","Supplier evaluation", "Training for operators","Equipment calibration"), G4="Dissolution rate high - 15 mins",CHOOSE(RANDBETWEEN(1,6),"Decrease agitation","Increase particle size","Update production SOP","Supplier evaluation","Training for operators","Equipment calibration"), G4="Dissolution rate high - 30 mins",CHOOSE(RANDBETWEEN(1,6),"Decrease disintegrant","Optimize granulation","Update production SOP","Supplier evaluation","Training for operators","Equipment calibration"), G4="Dissolution rate high - 40 mins",CHOOSE(RANDBETWEEN(1,6),"Decrease surface area","Optimize compression","Update production SOP","Supplier evaluation","Training for operators","Equipment calibration"))} -> Additional testing
A5: 200000503 | B5: 1010 | C5: 4003 | D5: Metformin Tablets (100 MG) | E5: 1.2 | F5: =LOOKUP(C5,'QALS - Inspection Lot Record'!P:P,'QALS - Inspection Lot Record'!E:E)+RANDBETWEEN(0,1) -> 45871 | G5: Impurities out of limit | H5: =IF(TODAY()>=F5+RANDBETWEEN(0,2), F5+RANDBETWEEN(0,2),"") -> 45872 | I5: {=_xlfn.IFS(G5="Potency out of spec",CHOOSE(RANDBETWEEN(1,6),"Additional testing","Improve formulation","Update production SOP","Supplier evaluation","Training for operators","Equipment calibration"), G5="PH Level out of range",CHOOSE(RANDBETWEEN(1,6),"PH monitoring","Adjust formulation","Update production SOP","Supplier evaluation","Training for operators","Equipment calibration"), G5="Impurities out of limit",CHOOSE(RANDBETWEEN(1,6),"Improve purification","Raw material control","Update production SOP","Supplier evaluation","Training for operators","Equipment maintenance"), G5="Process temp out of range",CHOOSE(RANDBETWEEN(1,6),"Temperature control","Update production SOP","Supplier evaluation","Training for operators", "Equipment calibration","Preventive maintenance"), G5="Dissolution rate low - 15 mins",CHOOSE(RANDBETWEEN(1,6),"Increase agitation","Reduce particle size","Update production SOP","Supplier evaluation", "Training for operators","Equipment calibration"), G5="Dissolution rate low - 30 mins",CHOOSE(RANDBETWEEN(1,6),"Increase disintegrant","Optimize granulation","Update production SOP","Supplier evaluation", "Training for operators","Equipment calibration"), G5="Dissolution rate low - 40 mins",CHOOSE(RANDBETWEEN(1,6),"Increase surface area","Optimize compression","Update production SOP","Supplier evaluation", "Training for operators","Equipment calibration"), G5="Dissolution rate high - 15 mins",CHOOSE(RANDBETWEEN(1,6),"Decrease agitation","Increase particle size","Update production SOP","Supplier evaluation","Training for operators","Equipment calibration"), G5="Dissolution rate high - 30 mins",CHOOSE(RANDBETWEEN(1,6),"Decrease disintegrant","Optimize granulation","Update production SOP","Supplier evaluation","Training for operators","Equipment calibration"), G5="Dissolution rate high - 40 mins",CHOOSE(RANDBETWEEN(1,6),"Decrease surface area","Optimize compression","Update production SOP","Supplier evaluation","Training for operators","Equipment calibration"))} -> Supplier evaluation
A6: 200000503 | B6: 1010 | C6: 4003 | D6: Metformin Tablets (100 MG) | E6: 38.7 | F6: =LOOKUP(C6,'QALS - Inspection Lot Record'!P:P,'QALS - Inspection Lot Record'!E:E)+RANDBETWEEN(0,1) -> 45872 | G6: Dissolution rate low - 15 mins | H6: =IF(TODAY()>=F6+RANDBETWEEN(0,2), F6+RANDBETWEEN(0,2),"") -> 45874 | I6: {=_xlfn.IFS(G6="Potency out of spec",CHOOSE(RANDBETWEEN(1,6),"Additional testing","Improve formulation","Update production SOP","Supplier evaluation","Training for operators","Equipment calibration"), G6="PH Level out of range",CHOOSE(RANDBETWEEN(1,6),"PH monitoring","Adjust formulation","Update production SOP","Supplier evaluation","Training for operators","Equipment calibration"), G6="Impurities out of limit",CHOOSE(RANDBETWEEN(1,6),"Improve purification","Raw material control","Update production SOP","Supplier evaluation","Training for operators","Equipment maintenance"), G6="Process temp out of range",CHOOSE(RANDBETWEEN(1,6),"Temperature control","Update production SOP","Supplier evaluation","Training for operators", "Equipment calibration","Preventive maintenance"), G6="Dissolution rate low - 15 mins",CHOOSE(RANDBETWEEN(1,6),"Increase agitation","Reduce particle size","Update production SOP","Supplier evaluation", "Training for operators","Equipment calibration"), G6="Dissolution rate low - 30 mins",CHOOSE(RANDBETWEEN(1,6),"Increase disintegrant","Optimize granulation","Update production SOP","Supplier evaluation", "Training for operators","Equipment calibration"), G6="Dissolution rate low - 40 mins",CHOOSE(RANDBETWEEN(1,6),"Increase surface area","Optimize compression","Update production SOP","Supplier evaluation", "Training for operators","Equipment calibration"), G6="Dissolution rate high - 15 mins",CHOOSE(RANDBETWEEN(1,6),"Decrease agitation","Increase particle size","Update production SOP","Supplier evaluation","Training for operators","Equipment calibration"), G6="Dissolution rate high - 30 mins",CHOOSE(RANDBETWEEN(1,6),"Decrease disintegrant","Optimize granulation","Update production SOP","Supplier evaluation","Training for operators","Equipment calibration"), G6="Dissolution rate high - 40 mins",CHOOSE(RANDBETWEEN(1,6),"Decrease surface area","Optimize compression","Update production SOP","Supplier evaluation","Training for operators","Equipment calibration"))} -> Training for operators
A7: 200000503 | B7: 1010 | C7: 4003 | D7: Metformin Tablets (100 MG) | E7: 68 | F7: =LOOKUP(C7,'QALS - Inspection Lot Record'!P:P,'QALS - Inspection Lot Record'!E:E)+RANDBETWEEN(0,1) -> 45872 | G7: Dissolution rate low - 30 mins | H7: =IF(TODAY()>=F7+RANDBETWEEN(0,2), F7+RANDBETWEEN(0,2),"") -> 45874 | I7: {=_xlfn.IFS(G7="Potency out of spec",CHOOSE(RANDBETWEEN(1,6),"Additional testing","Improve formulation","Update production SOP","Supplier evaluation","Training for operators","Equipment calibration"), G7="PH Level out of range",CHOOSE(RANDBETWEEN(1,6),"PH monitoring","Adjust formulation","Update production SOP","Supplier evaluation","Training for operators","Equipment calibration"), G7="Impurities out of limit",CHOOSE(RANDBETWEEN(1,6),"Improve purification","Raw material control","Update production SOP","Supplier evaluation","Training for operators","Equipment maintenance"), G7="Process temp out of range",CHOOSE(RANDBETWEEN(1,6),"Temperature control","Update production SOP","Supplier evaluation","Training for operators", "Equipment calibration","Preventive maintenance"), G7="Dissolution rate low - 15 mins",CHOOSE(RANDBETWEEN(1,6),"Increase agitation","Reduce particle size","Update production SOP","Supplier evaluation", "Training for operators","Equipment calibration"), G7="Dissolution rate low - 30 mins",CHOOSE(RANDBETWEEN(1,6),"Increase disintegrant","Optimize granulation","Update production SOP","Supplier evaluation", "Training for operators","Equipment calibration"), G7="Dissolution rate low - 40 mins",CHOOSE(RANDBETWEEN(1,6),"Increase surface area","Optimize compression","Update production SOP","Supplier evaluation", "Training for operators","Equipment calibration"), G7="Dissolution rate high - 15 mins",CHOOSE(RANDBETWEEN(1,6),"Decrease agitation","Increase particle size","Update production SOP","Supplier evaluation","Training for operators","Equipment calibration"), G7="Dissolution rate high - 30 mins",CHOOSE(RANDBETWEEN(1,6),"Decrease disintegrant","Optimize granulation","Update production SOP","Supplier evaluation","Training for operators","Equipment calibration"), G7="Dissolution rate high - 40 mins",CHOOSE(RANDBETWEEN(1,6),"Decrease surface area","Optimize compression","Update production SOP","Supplier evaluation","Training for operators","Equipment calibration"))} -> Equipment calibration
A8: 200000504 | B8: 1010 | C8: 4004 | D8: Metformin Tablets (100 MG) | E8: 93.6 | F8: =LOOKUP(C8,'QALS - Inspection Lot Record'!P:P,'QALS - Inspection Lot Record'!E:E)+RANDBETWEEN(0,1) -> 45871 | G8: Potency out of spec | H8: =IF(TODAY()>=F8+RANDBETWEEN(0,2), F8+RANDBETWEEN(0,2),"") -> 45872 | I8: {=_xlfn.IFS(G8="Potency out of spec",CHOOSE(RANDBETWEEN(1,6),"Additional testing","Improve formulation","Update production SOP","Supplier evaluation","Training for operators","Equipment calibration"), G8="PH Level out of range",CHOOSE(RANDBETWEEN(1,6),"PH monitoring","Adjust formulation","Update production SOP","Supplier evaluation","Training for operators","Equipment calibration"), G8="Impurities out of limit",CHOOSE(RANDBETWEEN(1,6),"Improve purification","Raw material control","Update production SOP","Supplier evaluation","Training for operators","Equipment maintenance"), G8="Process temp out of range",CHOOSE(RANDBETWEEN(1,6),"Temperature control","Update production SOP","Supplier evaluation","Training for operators", "Equipment calibration","Preventive maintenance"), G8="Dissolution rate low - 15 mins",CHOOSE(RANDBETWEEN(1,6),"Increase agitation","Reduce particle size","Update production SOP","Supplier evaluation", "Training for operators","Equipment calibration"), G8="Dissolution rate low - 30 mins",CHOOSE(RANDBETWEEN(1,6),"Increase disintegrant","Optimize granulation","Update production SOP","Supplier evaluation", "Training for operators","Equipment calibration"), G8="Dissolution rate low - 40 mins",CHOOSE(RANDBETWEEN(1,6),"Increase surface area","Optimize compression","Update production SOP","Supplier evaluation", "Training for operators","Equipment calibration"), G8="Dissolution rate high - 15 mins",CHOOSE(RANDBETWEEN(1,6),"Decrease agitation","Increase particle size","Update production SOP","Supplier evaluation","Training for operators","Equipment calibration"), G8="Dissolution rate high - 30 mins",CHOOSE(RANDBETWEEN(1,6),"Decrease disintegrant","Optimize granulation","Update production SOP","Supplier evaluation","Training for operators","Equipment calibration"), G8="Dissolution rate high - 40 mins",CHOOSE(RANDBETWEEN(1,6),"Decrease surface area","Optimize compression","Update production SOP","Supplier evaluation","Training for operators","Equipment calibration"))} -> Supplier evaluation
A9: 200000504 | B9: 1010 | C9: 4004 | D9: Metformin Tablets (100 MG) | E9: 1.8 | F9: =LOOKUP(C9,'QALS - Inspection Lot Record'!P:P,'QALS - Inspection Lot Record'!E:E)+RANDBETWEEN(0,1) -> 45872 | G9: PH Level out of range | H9: =IF(TODAY()>=F9+RANDBETWEEN(0,2), F9+RANDBETWEEN(0,2),"") -> 45873 | I9: {=_xlfn.IFS(G9="Potency out of spec",CHOOSE(RANDBETWEEN(1,6),"Additional testing","Improve formulation","Update production SOP","Supplier evaluation","Training for operators","Equipment calibration"), G9="PH Level out of range",CHOOSE(RANDBETWEEN(1,6),"PH monitoring","Adjust formulation","Update production SOP","Supplier evaluation","Training for operators","Equipment calibration"), G9="Impurities out of limit",CHOOSE(RANDBETWEEN(1,6),"Improve purification","Raw material control","Update production SOP","Supplier evaluation","Training for operators","Equipment maintenance"), G9="Process temp out of range",CHOOSE(RANDBETWEEN(1,6),"Temperature control","Update production SOP","Supplier evaluation","Training for operators", "Equipment calibration","Preventive maintenance"), G9="Dissolution rate low - 15 mins",CHOOSE(RANDBETWEEN(1,6),"Increase agitation","Reduce particle size","Update production SOP","Supplier evaluation", "Training for operators","Equipment calibration"), G9="Dissolution rate low - 30 mins",CHOOSE(RANDBETWEEN(1,6),"Increase disintegrant","Optimize granulation","Update production SOP","Supplier evaluation", "Training for operators","Equipment calibration"), G9="Dissolution rate low - 40 mins",CHOOSE(RANDBETWEEN(1,6),"Increase surface area","Optimize compression","Update production SOP","Supplier evaluation", "Training for operators","Equipment calibration"), G9="Dissolution rate high - 15 mins",CHOOSE(RANDBETWEEN(1,6),"Decrease agitation","Increase particle size","Update production SOP","Supplier evaluation","Training for operators","Equipment calibration"), G9="Dissolution rate high - 30 mins",CHOOSE(RANDBETWEEN(1,6),"Decrease disintegrant","Optimize granulation","Update production SOP","Supplier evaluation","Training for operators","Equipment calibration"), G9="Dissolution rate high - 40 mins",CHOOSE(RANDBETWEEN(1,6),"Decrease surface area","Optimize compression","Update production SOP","Supplier evaluation","Training for operators","Equipment calibration"))} -> Equipment calibration
A10: 200000504 | B10: 1010 | C10: 4004 | D10: Metformin Tablets (100 MG) | E10: 38.2 | F10: =LOOKUP(C10,'QALS - Inspection Lot Record'!P:P,'QALS - Inspection Lot Record'!E:E)+RANDBETWEEN(0,1) -> 45871 | G10: Dissolution rate low - 15 mins | H10: =IF(TODAY()>=F10+RANDBETWEEN(0,2), F10+RANDBETWEEN(0,2),"") -> 45872 | I10: {=_xlfn.IFS(G10="Potency out of spec",CHOOSE(RANDBETWEEN(1,6),"Additional testing","Improve formulation","Update production SOP","Supplier evaluation","Training for operators","Equipment calibration"), G10="PH Level out of range",CHOOSE(RANDBETWEEN(1,6),"PH monitoring","Adjust formulation","Update production SOP","Supplier evaluation","Training for operators","Equipment calibration"), G10="Impurities out of limit",CHOOSE(RANDBETWEEN(1,6),"Improve purification","Raw material control","Update production SOP","Supplier evaluation","Training for operators","Equipment maintenance"), G10="Process temp out of range",CHOOSE(RANDBETWEEN(1,6),"Temperature control","Update production SOP","Supplier evaluation","Training for operators", "Equipment calibration","Preventive maintenance"), G10="Dissolution rate low - 15 mins",CHOOSE(RANDBETWEEN(1,6),"Increase agitation","Reduce particle size","Update production SOP","Supplier evaluation", "Training for operators","Equipment calibration"), G10="Dissolution rate low - 30 mins",CHOOSE(RANDBETWEEN(1,6),"Increase disintegrant","Optimize granulation","Update production SOP","Supplier evaluation", "Training for operators","Equipment calibration"), G10="Dissolution rate low - 40 mins",CHOOSE(RANDBETWEEN(1,6),"Increase surface area","Optimize compression","Update production SOP","Supplier evaluation", "Training for operators","Equipment calibration"), G10="Dissolution rate high - 15 mins",CHOOSE(RANDBETWEEN(1,6),"Decrease agitation","Increase particle size","Update production SOP","Supplier evaluation","Training for operators","Equipment calibration"), G10="Dissolution rate high - 30 mins",CHOOSE(RANDBETWEEN(1,6),"Decrease disintegrant","Optimize granulation","Update production SOP","Supplier evaluation","Training for operators","Equipment calibration"), G10="Dissolution rate high - 40 mins",CHOOSE(RANDBETWEEN(1,6),"Decrease surface area","Optimize compression","Update production SOP","Supplier evaluation","Training for operators","Equipment calibration"))} -> Increase agitation
A11: 200000505 | B11: 1010 | C11: 4005 | D11: Metformin Tablets (500 MG) | E11: 93.9 | F11: =LOOKUP(C11,'QALS - Inspection Lot Record'!P:P,'QALS - Inspection Lot Record'!E:E)+RANDBETWEEN(0,1) -> 45872 | G11: Potency out of spec | H11: =IF(TODAY()>=F11+RANDBETWEEN(0,2), F11+RANDBETWEEN(0,2),"") -> 45874 | I11: {=_xlfn.IFS(G11="Potency out of spec",CHOOSE(RANDBETWEEN(1,6),"Additional testing","Improve formulation","Update production SOP","Supplier evaluation","Training for operators","Equipment calibration"), G11="PH Level out of range",CHOOSE(RANDBETWEEN(1,6),"PH monitoring","Adjust formulation","Update production SOP","Supplier evaluation","Training for operators","Equipment calibration"), G11="Impurities out of limit",CHOOSE(RANDBETWEEN(1,6),"Improve purification","Raw material control","Update production SOP","Supplier evaluation","Training for operators","Equipment maintenance"), G11="Process temp out of range",CHOOSE(RANDBETWEEN(1,6),"Temperature control","Update production SOP","Supplier evaluation","Training for operators", "Equipment calibration","Preventive maintenance"), G11="Dissolution rate low - 15 mins",CHOOSE(RANDBETWEEN(1,6),"Increase agitation","Reduce particle size","Update production SOP","Supplier evaluation", "Training for operators","Equipment calibration"), G11="Dissolution rate low - 30 mins",CHOOSE(RANDBETWEEN(1,6),"Increase disintegrant","Optimize granulation","Update production SOP","Supplier evaluation", "Training for operators","Equipment calibration"), G11="Dissolution rate low - 40 mins",CHOOSE(RANDBETWEEN(1,6),"Increase surface area","Optimize compression","Update production SOP","Supplier evaluation", "Training for operators","Equipment calibration"), G11="Dissolution rate high - 15 mins",CHOOSE(RANDBETWEEN(1,6),"Decrease agitation","Increase particle size","Update production SOP","Supplier evaluation","Training for operators","Equipment calibration"), G11="Dissolution rate high - 30 mins",CHOOSE(RANDBETWEEN(1,6),"Decrease disintegrant","Optimize granulation","Update production SOP","Supplier evaluation","Training for operators","Equipment calibration"), G11="Dissolution rate high - 40 mins",CHOOSE(RANDBETWEEN(1,6),"Decrease surface area","Optimize compression","Update production SOP","Supplier evaluation","Training for operators","Equipment calibration"))} -> Supplier evaluation
